8.099999818950891495e-01,2.999999932944774628e-01,3.999999910593032837e-01,8.599999807775020599e-01,9.999999776482582092e-03,6.399999856948852539e-01,1.799999959766864777e-01,1.039999976754188538e+00,1.299999970942735672e+00,6.399999856948852539e-01,8.499999810010194778e-01,8.299999814480543137e-01,0.000000000000000000e+00,5.399999879300594330e-01,1.139999974519014359e+00,3.099999930709600449e-01,1.289999971166253090e+00,1.419999968260526657e+00,2.099999953061342239e-01,7.999999821186065674e-01
0.000000000000000000e+00,6.099999863654375076e-01,0.000000000000000000e+00,3.999999910593032837e-01,1.159999974071979523e+00,1.499999966472387314e+00,1.189999973401427269e+00,6.199999861419200897e-01,9.599999785423278809e-01,7.299999836832284927e-01,5.099999886006116867e-01,5.999999865889549255e-01,3.599999919533729553e-01,8.499999810010194778e-01,7.999999821186065674e-01,4.099999908357858658e-01,2.499999944120645523e-01,2.699999939650297165e-01,9.299999792128801346e-01,6.899999845772981644e-01
5.199999883770942688e-01,3.099999930709600449e-01,7.099999841302633286e-01,1.099999975413084030e-01,6.199999861419200897e-01,1.299999970942735672e-01,0.000000000000000000e+00,9.899999778717756271e-01,1.189999973401427269e+00,1.059999976307153702e+00,3.599999919533729553e-01,1.799999959766864777e-01,2.499999944120645523e-01,7.599999830126762390e-01,4.899999890476465225e-01,3.099999930709600449e-01,0.000000000000000000e+00,5.099999886006116867e-01,6.699999850243330002e-01,1.299999970942735672e-01
4.499999899417161942e-01,1.079999975860118866e+00,4.399999901652336121e-01,8.999999798834323883e-01,8.499999810010194778e-01,8.799999803304672241e-01,0.000000000000000000e+00,3.999999910593032837e-02,5.099999886006116867e-01,4.799999892711639404e-01,6.799999848008155823e-01,5.299999881535768509e-01,6.999999843537807465e-01,7.499999832361936569e-01,3.199999928474426270e-01,1.129999974742531776e+00,3.799999915063381195e-01,5.499999877065420151e-01,1.149999974295496941e+00,0.000000000000000000e+00
1.259999971836805344e+00,4.299999903887510300e-01,6.999999843537807465e-01,9.199999794363975525e-01,1.159999974071979523e+00,6.199999861419200897e-01,5.499999877065420151e-01,7.099999841302633286e-01,3.399999924004077911e-01,6.299999859184026718e-01,6.299999859184026718e-01,1.029999976977705956e+00,5.399999879300594330e-01,4.699999894946813583e-01,1.369999969378113747e+00,1.149999974295496941e+00,9.999999776482582092e-03,5.299999881535768509e-01,4.599999897181987762e-01,1.249999972060322762e+00
7.799999825656414032e-01,8.699999805539846420e-01,1.209999972954392433e+00,1.589999964460730553e+00,6.399999856948852539e-01,1.199999973177909851e-01,8.699999805539846420e-01,7.799999825656414032e-01,4.299999903887510300e-01,1.079999975860118866e+00,8.499999810010194778e-01,6.699999850243330002e-01,9.299999792128801346e-01,2.599999941885471344e-01,3.099999930709600449e-01,5.499999877065420151e-01,8.299999814480543137e-01,9.899999778717756271e-01,7.499999832361936569e-01,1.399999968707561493e-01
7.399999834597110748e-01,0.000000000000000000e+00,1.979999955743551254e+00,8.899999801069498062e-01,1.319999970495700836e+00,5.699999872595071793e-01,8.899999801069498062e-01,3.699999917298555374e-01,7.499999832361936569e-01,4.699999894946813583e-01,9.099999796599149704e-01,4.699999894946813583e-01,8.999999798834323883e-01,5.899999868124723434e-01,1.469999967142939568e+00,5.599999874830245972e-01,6.499999854713678360e-01,5.299999881535768509e-01,1.299999970942735672e+00,2.119999952614307404e+00
5.099999886006116867e-01,8.899999801069498062e-01,8.099999818950891495e-01,2.499999944120645523e-01,1.469999967142939568e+00,1.869999958202242851e+00,1.239999972283840179e+00,1.109999975189566612e+00,1.339999970048666000e+00,1.319999970495700836e+00,1.329999970272183418e+00,1.389999968931078911e+00,1.719999961555004120e+00,1.219999972730875015e+00,1.019999977201223373e+00,3.799999915063381195e-01,8.199999816715717316e-01,1.409999968484044075e+00,5.299999881535768509e-01,1.709999961778521538e+00
1.249999972060322762e+00,6.699999850243330002e-01,4.499999899417161942e-01,9.199999794363975525e-01,1.909999957308173180e+00,1.389999968931078911e+00,5.899999868124723434e-01,1.609999964013695717e+00,5.299999881535768509e-01,1.189999973401427269e+00,7.999999821186065674e-02,3.599999919533729553e-01,2.339999947696924210e+00,7.799999825656414032e-01,9.799999780952930450e-01,7.799999825656414032e-01,8.799999803304672241e-01,1.429999968037009239e+00,6.099999863654375076e-01,5.199999883770942688e-01
5.099999886006116867e-01,2.459999945014715195e+00,4.799999892711639404e-01,1.459999967366456985e+00,8.899999801069498062e-01,5.199999883770942688e-01,2.279999949038028717e+00,6.999999843537807465e-01,7.799999825656414032e-01,1.719999961555004120e+00,1.359999969601631165e+00,7.399999834597110748e-01,1.309999970719218254e+00,1.329999970272183418e+00,7.099999841302633286e-01,1.259999971836805344e+00,0.000000000000000000e+00,5.899999868124723434e-01,1.179999973624944687e+00,9.899999778717756271e-01
1.059999976307153702e+00,1.319999970495700836e+00,4.299999903887510300e-01,4.199999906122684479e-01,0.000000000000000000e+00,2.499999944120645523e-01,6.999999843537807465e-01,4.799999892711639404e-01,1.999999955296516418e-01,1.019999977201223373e+00,5.899999868124723434e-01,1.319999970495700836e+00,5.999999865889549255e-01,6.199999861419200897e-01,6.799999848008155823e-01,5.599999874830245972e-01,1.449999967589974403e+00,1.099999975413084030e-01,2.499999944120645523e-01,1.219999972730875015e+00
2.699999939650297165e-01,2.099999953061342239e-01,9.799999780952930450e-01,1.559999965131282806e+00,6.599999852478504181e-01,1.919999957084655762e+00,2.279999949038028717e+00,2.739999938756227493e+00,1.109999975189566612e+00,3.499999921768903732e-01,1.179999973624944687e+00,1.519999966025352478e+00,4.599999897181987762e-01,1.349999969825148582e+00,0.000000000000000000e+00,8.299999814480543137e-01,5.599999874830245972e-01,6.999999843537807465e-01,7.699999827891588211e-01,8.099999818950891495e-01
4.099999908357858658e-01,8.999999798834323883e-01,1.159999974071979523e+00,1.229999972507357597e+00,2.079999953508377075e+00,6.899999845772981644e-01,1.319999970495700836e+00,2.419999945908784866e+00,4.799999892711639404e-01,1.289999971166253090e+00,2.089999953284859657e+00,3.399999924004077911e-01,6.699999850243330002e-01,1.539999965578317642e+00,4.899999890476465225e-01,8.199999816715717316e-01,2.729999938979744911e+00,8.099999818950891495e-01,7.199999839067459106e-01,1.039999976754188538e+00
1.219999972730875015e+00,1.379999969154596329e+00,1.709999961778521538e+00,6.899999845772981644e-01,2.339999947696924210e+00,1.569999964907765388e+00,1.309999970719218254e+00,9.499999787658452988e-01,2.599999941885471344e-01,2.019999954849481583e+00,8.199999816715717316e-01,1.799999959766864777e+00,8.299999814480543137e-01,2.089999953284859657e+00,2.759999938309192657e+00,4.799999892711639404e-01,8.599999807775020599e-01,1.899999957531690598e+00,1.289999971166253090e+00,5.799999870359897614e-01
3.999999910593032837e-01,7.499999832361936569e-01,6.099999863654375076e-01,1.909999957308173180e+00,1.979999955743551254e+00,7.099999841302633286e-01,1.679999962449073792e+00,9.699999783188104630e-01,2.369999947026371956e+00,1.439999967813491821e+00,1.639999963343143463e+00,2.969999933615326881e+00,4.099999908357858658e-01,4.499999899417161942e-01,7.999999821186065674e-01,1.339999970048666000e+00,1.319999970495700836e+00,1.369999969378113747e+00,1.069999976083636284e+00,6.099999863654375076e-01
1.069999976083636284e+00,1.689999962225556374e+00,1.249999972060322762e+00,1.719999961555004120e+00,2.099999953061342239e+00,9.099999796599149704e-01,2.649999940767884254e+00,1.169999973848462105e+00,1.559999965131282806e+00,2.219999950379133224e+00,1.709999961778521538e+00,1.569999964907765388e+00,1.019999977201223373e+00,1.509999966248869896e+00,2.109999952837824821e+00,2.379999946802854538e+00,2.219999950379133224e+00,1.669999962672591209e+00,2.249999949708580971e+00,1.729999961331486702e+00
1.519999966025352478e+00,8.799999803304672241e-01,1.469999967142939568e+00,1.259999971836805344e+00,2.019999954849481583e+00,5.199999883770942688e-01,1.269999971613287926e+00,1.809999959543347359e+00,1.739999961107969284e+00,1.289999971166253090e+00,1.069999976083636284e+00,3.129999930039048195e+00,1.579999964684247971e+00,1.459999967366456985e+00,2.279999949038028717e+00,1.039999976754188538e+00,1.259999971836805344e+00,2.069999953731894493e+00,9.699999783188104630e-01,4.439999900758266449e+00
6.699999850243330002e-01,3.349999925121665001e+00,2.099999953061342239e+00,1.549999965354800224e+00,2.699999939650297165e+00,8.099999818950891495e-01,1.419999968260526657e+00,1.299999970942735672e+00,1.049999976530671120e+00,1.229999972507357597e+00,1.179999973624944687e+00,1.529999965801835060e+00,8.899999801069498062e-01,0.000000000000000000e+00,1.379999969154596329e+00,1.399999968707561493e-01,1.909999957308173180e+00,1.899999957531690598e+00,2.189999951049685478e+00,6.299999859184026718e-01
1.229999972507357597e+00,1.169999973848462105e+00,1.449999967589974403e+00,8.099999818950891495e-01,2.939999934285879135e+00,1.049999976530671120e+00,2.199999950826168060e+00,2.079999953508377075e+00,1.279999971389770508e+00,2.709999939426779747e+00,3.199999928474426270e+00,1.119999974966049194e+00,1.399999968707561493e+00,1.909999957308173180e+00,2.159999951720237732e+00,1.819999959319829941e+00,2.389999946579337120e+00,2.439999945461750031e+00,8.199999816715717316e-01,2.159999951720237732e+00
1.329999970272183418e+00,1.549999965354800224e+00,1.669999962672591209e+00,1.319999970495700836e+00,4.499999899417161942e-01,2.059999953955411911e+00,2.969999933615326881e+00,2.549999943003058434e+00,2.359999947249889374e+00,1.119999974966049194e+00,1.789999959990382195e+00,4.199999906122684479e-01,3.079999931156635284e+00,3.449999922886490822e+00,1.269999971613287926e+00,1.999999955296516418e+00,5.399999879300594330e-01,2.289999948814511299e+00,5.899999868124723434e-01,2.949999934062361717e+00
2.649999940767884254e+00,1.159999974071979523e+00,2.039999954402446747e+00,2.309999948367476463e+00,3.349999925121665001e+00,1.629999963566660881e+00,2.419999945908784866e+00,8.599999807775020599e-01,2.899999935179948807e+00,2.949999934062361717e+00,2.819999936968088150e+00,8.299999814480543137e-01,1.059999976307153702e+00,2.659999940544366837e+00,1.989999955520033836e+00,2.239999949932098389e+00,3.779999915510416031e+00,1.359999969601631165e+00,2.469999944791197777e+00,1.589999964460730553e+00
2.409999946132302284e+00,9.299999792128801346e-01,1.709999961778521538e+00,2.029999954625964165e+00,1.989999955520033836e+00,1.309999970719218254e+00,4.899999890476465225e-01,2.019999954849481583e+00,3.099999930709600449e+00,2.299999948590993881e+00,2.529999943450093269e+00,3.139999929815530777e+00,2.909999934956431389e+00,1.749999960884451866e+00,1.929999956861138344e+00,5.179999884217977524e+00,4.279999904334545135e+00,2.529999943450093269e+00,3.489999921992421150e+00,1.909999957308173180e+00
7.389999834820628166e+00,1.089999975636601448e+00,3.929999912157654762e+00,1.289999971166253090e+00,2.579999942332506180e+00,2.869999935850501060e+00,1.819999959319829941e+00,2.639999940991401672e+00,2.329999947920441628e+00,2.779999937862157822e+00,1.539999965578317642e+00,2.589999942108988762e+00,1.599999964237213135e+00,3.789999915286898613e+00,3.489999921992421150e+00,6.499999854713678360e-01,3.129999930039048195e+00,6.399999856948852539e-01,7.399999834597110748e-01,2.609999941661953926e+00
1.739999961107969284e+00,2.099999953061342239e+00,4.439999900758266449e+00,2.779999937862157822e+00,1.359999969601631165e+00,2.319999948143959045e+00,2.679999940097332001e+00,3.799999915063381195e-01,1.329999970272183418e+00,1.879999957978725433e+00,2.189999951049685478e+00,1.579999964684247971e+00,2.489999944344162941e+00,5.719999872148036957e+00,2.019999954849481583e+00,1.459999967366456985e+00,2.039999954402446747e+00,4.419999901205301285e+00,4.079999908804893494e+00,3.319999925792217255e+00
1.969999955967068672e+00,3.309999926015734673e+00,1.879999957978725433e+00,3.649999918416142464e+00,2.159999951720237732e+00,1.669999962672591209e+00,1.689999962225556374e+00,3.649999918416142464e+00,1.499999966472387314e+00,2.859999936074018478e+00,1.429999968037009239e+00,2.179999951273202896e+00,2.429999945685267448e+00,5.409999879077076912e+00,1.489999966695904732e+00,1.959999956190586090e+00,3.459999922662973404e+00,1.059999976307153702e+00,3.159999929368495941e+00,2.579999942332506180e+00
5.179999884217977524e+00,4.149999907240271568e+00,1.549999965354800224e+00,3.009999932721257210e+00,2.509999943897128105e+00,4.249999905005097389e+00,3.329999925568699837e+00,3.169999929144978523e+00,1.249999972060322762e+00,4.129999907687306404e+00,2.199999950826168060e+00,2.389999946579337120e+00,3.139999929815530777e+00,2.959999933838844299e+00,3.239999927580356598e+00,2.899999935179948807e+00,2.569999942556023598e+00,3.149999929592013359e+00,2.079999953508377075e+00,1.899999957531690598e+00
4.199999906122684479e+00,2.209999950602650642e+00,3.679999917745590210e+00,1.679999962449073792e+00,1.719999961555004120e+00,3.189999928697943687e+00,1.829999959096312523e+00,1.199999973177909851e+00,3.939999911934137344e+00,3.159999929368495941e+00,1.089999975636601448e+00,3.079999931156635284e+00,2.079999953508377075e+00,2.139999952167272568e+00,2.839999936521053314e+00,2.999999932944774628e+00,2.729999938979744911e+00,3.999999910593032837e+00,1.069999976083636284e+00,2.369999947026371956e+00
2.539999943226575851e+00,3.619999919086694717e+00,2.659999940544366837e+00,2.189999951049685478e+00,4.159999907016754150e+00,9.899999778717756271e-01,3.549999920651316643e+00,3.829999914392828941e+00,1.319999970495700836e+00,3.159999929368495941e+00,2.789999937638640404e+00,1.449999967589974403e+00,4.459999900311231613e+00,3.399999924004077911e+00,4.149999907240271568e+00,7.899999823421239853e-01,9.599999785423278809e-01,1.209999972954392433e+00,4.469999900087714195e+00,3.619999919086694717e+00
1.869999958202242851e+00,2.839999936521053314e+00,4.889999890699982643e+00,2.019999954849481583e+00,3.049999931827187538e+00,1.309999970719218254e+00,3.909999912604689598e+00,3.799999915063381195e+00,1.169999973848462105e+00,2.739999938756227493e+00,1.719999961555004120e+00,5.599999874830245972e-01,3.189999928697943687e+00,3.109999930486083031e+00,4.159999907016754150e+00,1.259999971836805344e+00,6.699999850243330002e-01,2.469999944791197777e+00,1.669999962672591209e+00,2.439999945461750031e+00
3.529999921098351479e+00,3.449999922886490822e+00,2.339999947696924210e+00,1.659999962896108627e+00,3.319999925792217255e+00,3.269999926909804344e+00,3.679999917745590210e+00,2.059999953955411911e+00,3.959999911487102509e+00,3.359999924898147583e+00,3.599999919533729553e+00,2.479999944567680359e+00,2.899999935179948807e+00,2.499999944120645523e+00,2.069999953731894493e+00,3.579999919980764389e+00,1.459999967366456985e+00,2.609999941661953926e+00,4.549999898299574852e+00,3.129999930039048195e+00
1.799999959766864777e+00,5.439999878406524658e+00,4.319999903440475464e+00,2.009999955072999001e+00,1.709999961778521538e+00,2.449999945238232613e+00,5.259999882429838181e+00,3.299999926239252090e+00,5.289999881759285927e+00,5.419999878853559494e+00,4.929999889805912971e+00,5.029999887570738792e+00,3.169999929144978523e+00,1.349999969825148582e+00,4.129999907687306404e+00,4.229999905452132225e+00,4.599999897181987762e+00,3.279999926686286926e+00,4.399999901652336121e-01,3.239999927580356598e+00
3.679999917745590210e+00,3.089999930933117867e+00,2.969999933615326881e+00,1.019999977201223373e+00,3.839999914169311523e+00,4.969999888911843300e+00,2.059999953955411911e+00,4.559999898076057434e+00,4.189999906346201897e+00,3.519999921321868896e+00,2.209999950602650642e+00,3.589999919757246971e+00,4.819999892264604568e+00,3.219999928027391434e+00,3.839999914169311523e+00,4.529999898746609688e+00,5.209999883547425270e+00,4.629999896511435509e+00,2.249999949708580971e+00,6.309999858960509300e+00
2.789999937638640404e+00,1.849999958649277687e+00,3.879999913275241852e+00,1.539999965578317642e+00,1.249999972060322762e+00,3.199999928474426270e+00,4.889999890699982643e+00,4.519999898970127106e+00,2.799999937415122986e+00,3.179999928921461105e+00,2.899999935179948807e+00,4.799999892711639404e+00,4.679999895393848419e+00,3.159999929368495941e+00,1.679999962449073792e+00,1.569999964907765388e+00,2.909999934956431389e+00,2.879999935626983643e+00,2.639999940991401672e+00,4.149999907240271568e+00
5.099999886006116867e+00,5.259999882429838181e+00,4.739999894052743912e+00,5.579999875277280807e+00,2.069999953731894493e+00,4.879999890923500061e+00,2.969999933615326881e+00,3.259999927133321762e+00,4.179999906569719315e+00,7.349999835714697838e+00,6.539999853819608688e+00,3.369999924674630165e+00,3.489999921992421150e+00,4.129999907687306404e+00,5.249999882653355598e+00,3.799999915063381195e+00,4.689999895170331001e+00,4.029999909922480583e+00,3.909999912604689598e+00,4.859999891370534897e+00
5.009999888017773628e+00,3.349999925121665001e+00,3.409999923780560493e+00,3.329999925568699837e+00,6.759999848902225494e+00,4.299999903887510300e+00,1.559999965131282806e+00,2.919999934732913971e+00,4.069999909028410912e+00,3.249999927356839180e+00,3.629999918863177299e+00,5.319999881088733673e+00,7.509999832138419151e+00,2.479999944567680359e+00,6.759999848902225494e+00,3.479999922215938568e+00,2.739999938756227493e+00,6.589999852702021599e+00,3.379999924451112747e+00,7.379999835044145584e+00
1.949999956414103508e+00,1.889999957755208015e+00,3.439999923110008240e+00,5.079999886453151703e+00,3.859999913722276688e+00,5.109999885782599449e+00,6.019999865442514420e+00,5.339999880641698837e+00,4.189999906346201897e+00,5.099999886006116867e+00,3.729999916628003120e+00,4.149999907240271568e+00,5.069999886676669121e+00,6.579999852925539017e+00,3.029999932274222374e+00,3.629999918863177299e+00,3.669999917969107628e+00,8.269999815151095390e+00,5.019999887794256210e+00,3.549999920651316643e+00
6.149999862536787987e+00,4.209999905899167061e+00,5.109999885782599449e+00,4.019999910145998001e+00,5.079999886453151703e+00,4.619999896734952927e+00,4.049999909475445747e+00,2.569999942556023598e+00,2.759999938309192657e+00,6.089999863877892494e+00,4.969999888911843300e+00,5.019999887794256210e+00,3.679999917745590210e+00,2.239999949932098389e+00,3.219999928027391434e+00,4.589999897405505180e+00,5.819999869912862778e+00,3.489999921992421150e+00,4.929999889805912971e+00,4.649999896064400673e+00
6.119999863207340240e+00,8.449999811127781868e+00,4.839999891817569733e+00,2.469999944791197777e+00,4.079999908804893494e+00,2.749999938532710075e+00,3.649999918416142464e+00,3.459999922662973404e+00,4.339999902993440628e+00,7.359999835491180420e+00,4.399999901652336121e+00,5.649999873712658882e+00,2.499999944120645523e+00,2.319999948143959045e+00,5.399999879300594330e+00,3.169999929144978523e+00,3.289999926462769508e+00,5.609999874606728554e+00,5.099999886006116867e+00,3.469999922439455986e+00
3.929999912157654762e+00,7.689999828115105629e+00,5.299999881535768509e+00,3.549999920651316643e+00,3.719999916851520538e+00,3.699999917298555374e+00,4.489999899640679359e+00,8.359999813139438629e+00,4.679999895393848419e+00,4.339999902993440628e+00,4.669999895617365837e+00,3.389999924227595329e+00,4.259999904781579971e+00,4.719999894499778748e+00,8.179999817162752151e+00,9.449999788776040077e+00,3.489999921992421150e+00,3.949999911710619926e+00,3.999999910593032837e+00,6.279999859631061554e+00
2.339999947696924210e+00,3.929999912157654762e+00,4.829999892041087151e+00,4.099999908357858658e+00,4.349999902769923210e+00,5.679999873042106628e+00,6.639999851584434509e+00,5.409999879077076912e+00,5.139999885112047195e+00,4.479999899864196777e+00,4.759999893605709076e+00,5.399999879300594330e+00,4.349999902769923210e+00,7.389999834820628166e+00,4.029999909922480583e+00,8.199999816715717316e+00,2.649999940767884254e+00,2.229999950155615807e+00,5.979999866336584091e+00,5.329999880865216255e+00
6.719999849796295166e+00,3.779999915510416031e+00,2.479999944567680359e+00,4.829999892041087151e+00,4.129999907687306404e+00,1.827999959141016006e+01,5.839999869465827942e+00,3.819999914616346359e+00,7.659999828785657883e+00,7.559999831020832062e+00,5.119999885559082031e+00,1.539999965578317642e+00,8.249999815598130226e+00,2.889999935403466225e+00,4.789999892935156822e+00,5.229999883100390434e+00,3.169999929144978523e+00,9.009999798610806465e+00,3.959999911487102509e+00,5.019999887794256210e+00
6.929999845102429390e+00,7.449999833479523659e+00,1.159999974071979523e+01,4.049999909475445747e+00,6.649999851360917091e+00,2.779999937862157822e+00,2.419999945908784866e+00,5.749999871477484703e+00,2.219999950379133224e+00,4.179999906569719315e+00,5.619999874383211136e+00,2.649999940767884254e+00,6.629999851807951927e+00,7.839999824762344360e+00,6.069999864324927330e+00,3.969999911263585091e+00,1.809999959543347359e+00,2.609999941661953926e+00,2.649999940767884254e+00,2.129999952390789986e+00
5.209999883547425270e+00,7.059999842196702957e+00,1.919999957084655762e+00,8.459999810904264450e+00,7.039999842643737793e+00,2.619999941438436508e+00,5.289999881759285927e+00,5.569999875500798225e+00,2.299999948590993881e+00,5.099999886006116867e+00,2.979999933391809464e+00,3.899999912828207016e+00,4.119999907910823822e+00,6.939999844878911972e+00,3.659999918192625046e+00,5.269999882206320763e+00,8.489999810233712196e+00,9.839999780058860779e+00,6.209999861195683479e+00,8.629999807104468346e+00
1.150999974273145199e+01,5.069999886676669121e+00,5.169999884441494942e+00,8.249999815598130226e+00,4.969999888911843300e+00,2.469999944791197777e+00,6.609999852254986763e+00,8.049999820068478584e+00,5.329999880865216255e+00,2.419999945908784866e+00,8.239999815821647644e+00,2.519999943673610687e+00,5.059999886900186539e+00,2.300999948568642139e+01,6.679999850690364838e+00,6.779999848455190659e+00,4.759999893605709076e+00,3.979999911040067673e+00,3.179999928921461105e+00,6.019999865442514420e+00
3.899999912828207016e+00,4.459999900311231613e+00,5.979999866336584091e+00,5.109999885782599449e+00,3.599999919533729553e+00,6.219999860972166061e+00,7.309999836608767509e+00,6.499999854713678360e+00,4.999999888241291046e+00,1.078999975882470608e+01,5.549999875947833061e+00,3.539999920874834061e+00,4.469999900087714195e+00,6.339999858289957047e+00,5.229999883100390434e+00,2.649999940767884254e+00,2.719999939203262329e+00,4.989999888464808464e+00,4.899999890476465225e+00,5.569999875500798225e+00
3.859999913722276688e+00,5.279999881982803345e+00,2.029999954625964165e+00,5.359999880194664001e+00,7.299999836832284927e+00,4.709999894723296165e+00,5.739999871701002121e+00,6.529999854043126106e+00,4.659999895840883255e+00,5.219999883323907852e+00,8.249999815598130226e+00,5.689999872818589211e+00,5.859999869018793106e+00,7.499999832361936569e+00,3.079999931156635284e+00,4.149999907240271568e+00,6.669999850913882256e+00,5.089999886229634285e+00,8.569999808445572853e+00,3.789999915286898613e+00
4.049999909475445747e+00,2.469999944791197777e+00,8.869999801740050316e+00,3.149999929592013359e+00,5.849999869242310524e+00,7.409999834373593330e+00,6.549999853596091270e+00,4.399999901652336121e+00,5.019999887794256210e+00,1.699999962002038956e+00,3.229999927803874016e+00,6.449999855831265450e+00,7.269999837502837181e+00,5.429999878630042076e+00,4.559999898076057434e+00,8.089999819174408913e+00,8.439999811351299286e+00,5.719999872148036957e+00,7.619999829679727554e+00,3.469999922439455986e+00
5.439999878406524658e+00,7.259999837726354599e+00,4.519999898970127106e+00,6.279999859631061554e+00,9.129999795928597450e+00,4.609999896958470345e+00,3.829999914392828941e+00,6.949999844655394554e+00,5.489999877288937569e+00,3.269999926909804344e+00,8.449999811127781868e+00,5.059999886900186539e+00,8.739999804645776749e+00,3.789999915286898613e+00,9.259999793022871017e+00,3.719999916851520538e+00,4.769999893382191658e+00,7.449999833479523659e+00,5.719999872148036957e+00,6.789999848231673241e+00
5.009999888017773628e+00,1.754999960772693157e+01,5.729999871924519539e+00,5.189999883994460106e+00,8.279999814927577972e+00,7.229999838396906853e+00,5.409999879077076912e+00,8.489999810233712196e+00,6.529999854043126106e+00,5.349999880418181419e+00,7.809999825432896614e+00,5.459999877959489822e+00,3.209999928250908852e+00,6.969999844208359718e+00,6.259999860078096390e+00,5.209999883547425270e+00,8.709999805316329002e+00,7.669999828562140465e+00,4.409999901428818703e+00,9.309999791905283928e+00
9.219999793916940689e+00,8.179999817162752151e+00,9.089999796822667122e+00,4.079999908804893494e+00,8.889999801293015480e+00,8.349999813362956047e+00,7.609999829903244972e+00,8.539999809116125107e+00,8.169999817386269569e+00,7.469999833032488823e+00,3.959999911487102509e+00,5.629999874159693718e+00,9.299999792128801346e+00,4.899999890476465225e+00,6.189999861642718315e+00,8.769999803975224495e+00,4.379999902099370956e+00,8.039999820291996002e+00,7.509999832138419151e+00,4.549999898299574852e+00
1.043999976664781570e+01,5.159999884665012360e+00,1.180999973602592945e+01,3.659999918192625046e+00,3.439999923110008240e+00,1.158999974094331264e+01,8.539999809116125107e+00,4.949999889358878136e+00,9.369999790564179420e+00,6.799999848008155823e+00,8.029999820515513420e+00,4.889999890699982643e+00,4.509999899193644524e+00,9.539999786764383316e+00,5.079999886453151703e+00,7.469999833032488823e+00,3.504999921657145023e+01,9.179999794811010361e+00,4.979999888688325882e+00,7.229999838396906853e+00
3.939999911934137344e+00,1.049999976530671120e+01,6.239999860525131226e+00,9.119999796152114868e+00,8.179999817162752151e+00,5.699999872595071793e+00,4.649999896064400673e+00,1.105999975278973579e+01,6.429999856278300285e+00,6.999999843537807465e+00,6.819999847561120987e+00,6.709999850019812584e+00,7.969999821856617928e+00,3.779999915510416031e+00,5.199999883770942688e+00,8.529999809339642525e+00,1.100999975390732288e+01,7.159999839961528778e+00,5.179999884217977524e+00,9.239999793469905853e+00
7.989999821409583092e+00,1.080999975837767124e+01,8.309999814257025719e+00,1.200999973155558109e+01,7.439999833703041077e+00,1.012999977357685566e+01,3.659999918192625046e+00,4.389999901875853539e+00,8.079999819397926331e+00,4.439999900758266449e+00,5.869999868795275688e+00,1.250999972037971020e+01,1.194999973289668560e+01,1.036999976821243763e+01,1.058999976329505444e+01,4.409999901428818703e+00,5.119999885559082031e+00,9.209999794140458107e+00,6.169999862089753151e+00,8.819999802857637405e+00
1.009999977424740791e+01,1.275999971479177475e+01,2.029999954625964165e+01,8.559999808669090271e+00,8.869999801740050316e+00,1.761999960616230965e+01,7.349999835714697838e+00,4.229999905452132225e+00,6.859999846667051315e+00,1.055999976396560669e+01,1.259999971836805344e+01,9.079999797046184540e+00,1.084999975748360157e+01,5.449999878183007240e+00,6.549999853596091270e+00,1.063999976217746735e+01,7.279999837279319763e+00,7.939999822527170181e+00,8.839999802410602570e+00,5.759999871253967285e+00
5.759999871253967285e+00,7.599999830126762390e+00,1.146999974362552166e+01,1.166999973915517330e+01,1.187999973446130753e+01,1.273999971523880959e+01,1.468999967165291309e+01,7.209999838843941689e+00,1.358999969623982906e+01,1.437999967858195305e+01,7.759999826550483704e+00,1.086999975703656673e+01,7.809999825432896614e+00,1.207999972999095917e+01,9.169999795034527779e+00,9.439999788999557495e+00,8.619999807327985764e+00,1.014999977312982082e+01,1.334999970160424709e+01,9.549999786540865898e+00
7.249999837949872017e+00,6.169999862089753151e+00,7.679999828338623047e+00,4.569999897852540016e+00,7.769999826326966286e+00,1.173999973759055138e+01,5.509999876841902733e+00,8.289999814704060555e+00,7.169999839738011360e+00,1.162999974004924297e+01,6.079999864101409912e+00,7.579999830573797226e+00,6.139999862760305405e+00,8.979999799281358719e+00,7.569999830797314644e+00,5.759999871253967285e+00,9.049999797716736794e+00,7.849999824538826942e+00,1.124999974854290485e+01,8.569999808445572853e+00
9.519999787211418152e+00,7.369999835267663002e+00,7.229999838396906853e+00,9.279999792575836182e+00,8.719999805092811584e+00,9.889999778941273689e+00,9.079999797046184540e+00,1.103999975323677063e+01,6.979999843984842300e+00,6.819999847561120987e+00,1.022999977134168148e+01,7.819999825209379196e+00,1.483999966830015182e+01,7.989999821409583092e+00,8.639999806880950928e+00,1.052999976463615894e+01,6.919999845325946808e+00,7.079999841749668121e+00,6.069999864324927330e+00,9.389999790117144585e+00
7.469999833032488823e+00,8.869999801740050316e+00,5.789999870583415031e+00,5.259999882429838181e+00,5.029999887570738792e+00,5.529999876394867897e+00,5.129999885335564613e+00,4.599999897181987762e+00,7.239999838173389435e+00,1.099999975413084030e+01,9.779999781399965286e+00,1.435999967902898788e+01,8.119999818503856659e+00,9.569999786093831062e+00,8.009999820962548256e+00,6.589999852702021599e+00,6.659999851137399673e+00,1.151999974250793457e+01,8.059999819844961166e+00,9.609999785199761391e+00
7.919999822974205017e+00,5.739999871701002121e+00,7.589999830350279808e+00,7.779999826103448868e+00,7.579999830573797226e+00,9.219999793916940689e+00,7.939999822527170181e+00,7.769999826326966286e+00,7.259999837726354599e+00,1.253999971970915794e+01,8.259999815374612808e+00,9.059999797493219376e+00,1.173999973759055138e+01,9.169999795034527779e+00,1.102999975346028805e+01,7.669999828562140465e+00,7.709999827668070793e+00,6.249999860301613808e+00,1.081999975815415382e+01,9.069999797269701958e+00
8.629999807104468346e+00,8.749999804422259331e+00,7.719999827444553375e+00,1.065999976173043251e+01,6.419999856501817703e+00,9.729999782517552376e+00,6.269999859854578972e+00,9.729999782517552376e+00,7.139999840408563614e+00,1.379999969154596329e+01,9.249999793246388435e+00,7.889999823644757271e+00,1.040999976731836796e+01,1.457999967411160469e+01,8.529999809339642525e+00,8.729999804869294167e+00,8.589999807998538017e+00,7.749999826774001122e+00,9.359999790787696838e+00,8.529999809339642525e+00
1.161999974027276039e+01,1.083999975770711899e+01,8.219999816268682480e+00,9.029999798163771629e+00,9.879999779164791107e+00,1.048999976553022861e+01,6.129999862983822823e+00,1.051999976485967636e+01,1.238999972306191921e+01,7.029999842867255211e+00,4.459999900311231613e+00,7.699999827891588211e+00,9.069999797269701958e+00,1.137999974563717842e+01,6.849999846890568733e+00,7.789999825879931450e+00,1.218999972753226757e+01,8.259999815374612808e+00,6.839999847114086151e+00,1.032999976910650730e+01
7.499999832361936569e+00,8.199999816715717316e+00,1.040999976731836796e+01,1.520999966003000736e+01,1.010999977402389050e+01,5.669999873265624046e+00,3.619999919086694717e+00,1.142999974451959133e+01,1.215999972820281982e+01,1.252999971993267536e+01,1.663999962806701660e+01,1.135999974608421326e+01,9.679999783635139465e+00,1.044999976642429829e+01,3.889999913051724434e+00,5.689999872818589211e+00,8.849999802187085152e+00,1.321999970450997353e+01,1.149999974295496941e+01,1.185999973490834236e+01
9.709999782964587212e+00,8.629999807104468346e+00,5.809999870136380196e+00,1.056999976374208927e+01,8.609999807551503181e+00,6.909999845549464226e+00,1.005999977514147758e+01,5.539999876171350479e+00,7.909999823197722435e+00,6.819999847561120987e+00,6.519999854266643524e+00,9.529999786987900734e+00,8.669999806210398674e+00,8.049999820068478584e+00,1.142999974451959133e+01,1.380999969132244587e+01,8.099999818950891495e+00,9.909999778494238853e+00,8.579999808222055435e+00,1.334999970160424709e+01
1.047999976575374603e+01,1.159999974071979523e+01,7.369999835267663002e+00,1.472999967075884342e+01,8.499999810010194778e+00,7.219999838620424271e+00,1.351999969780445099e+01,1.212999972887337208e+01,5.839999869465827942e+00,1.059999976307153702e+01,1.153999974206089973e+01,8.199999816715717316e+00,1.140999974496662617e+01,8.579999808222055435e+00,4.979999888688325882e+00,7.909999823197722435e+00,1.310999970696866512e+01,6.659999851137399673e+00,8.279999814927577972e+00,1.165999973937869072e+01
9.329999791458249092e+00,7.909999823197722435e+00,6.189999861642718315e+00,1.634999963454902172e+01,1.077999975904822350e+01,1.140999974496662617e+01,1.174999973736703396e+01,9.729999782517552376e+00,6.009999865666031837e+00,1.272999971546232700e+01,1.141999974474310875e+01,9.979999776929616928e+00,7.759999826550483704e+00,1.325999970361590385e+01,8.679999805986881256e+00,6.099999863654375076e+00,1.149999974295496941e+01,8.399999812245368958e+00,7.639999829232692719e+00,8.079999819397926331e+00
1.036999976821243763e+01,8.799999803304672241e+00,1.615999963879585266e+01,1.245999972149729729e+01,1.395999968796968460e+01,1.098999975435435772e+01,1.117999975010752678e+01,1.158999974094331264e+01,1.115999975055456161e+01,1.599999964237213135e+01,1.716999961622059345e+01,1.311999970674514771e+01,1.295999971032142639e+01,1.212999972887337208e+01,1.515999966114759445e+01,1.293999971076846123e+01,1.973999955877661705e+01,9.059999797493219376e+00,1.429999968037009239e+01,1.729999961331486702e+01
7.949999822303652763e+00,7.789999825879931450e+00,7.979999821633100510e+00,6.349999858066439629e+00,1.004999977536499500e+01,1.975999955832958221e+01,1.774999960325658321e+01,2.006999955140054226e+01,6.969999844208359718e+00,1.935999956727027893e+01,1.418999968282878399e+01,1.524999965913593769e+01,9.409999789670109749e+00,1.874999958090484142e+01,1.502999966405332088e+01,1.005999977514147758e+01,7.529999831691384315e+00,7.899999823421239853e+00,7.399999834597110748e+00,1.285999971255660057e+01
1.693999962136149406e+01,1.046999976597726345e+01,7.819999825209379196e+00,8.619999807327985764e+00,1.919999957084655762e+01,9.279999792575836182e+00,1.688999962247908115e+01,6.969999844208359718e+00,1.831999959051609039e+01,2.007999955117702484e+01,1.076999975927174091e+01,1.482999966852366924e+01,2.300999948568642139e+01,8.799999803304672241e+00,1.807999959588050842e+01,1.435999967902898788e+01,6.899999845772981644e+00,7.069999841973185539e+00,1.769999960437417030e+01,9.249999793246388435e+00
1.227999972552061081e+01,2.426999945752322674e+01,1.137999974563717842e+01,1.488999966718256474e+01,2.637999941036105156e+01,9.649999784305691719e+00,7.159999839961528778e+00,1.036999976821243763e+01,8.749999804422259331e+00,1.046999976597726345e+01,9.319999791681766510e+00,1.460999967344105244e+01,1.920999957062304020e+01,1.239999972283840179e+01,8.099999818950891495e+00,9.229999793693423271e+00,1.170999973826110363e+01,1.361999969556927681e+01,1.586999964527785778e+01,1.461999967321753502e+01
1.571999964863061905e+01,1.912999957241117954e+01,1.379999969154596329e+01,1.372999969311058521e+01,1.357999969646334648e+01,1.504999966360628605e+01,1.155999974161386490e+01,6.099999863654375076e+00,8.569999808445572853e+00,1.358999969623982906e+01,1.579999964684247971e+01,1.512999966181814671e+01,1.476999966986477375e+01,1.014999977312982082e+01,1.004999977536499500e+01,1.556999965198338032e+01,1.686999962292611599e+01,1.448999967612326145e+01,1.895999957621097565e+01,8.159999817609786987e+00
9.269999792799353600e+00,9.459999788552522659e+00,7.739999826997518539e+00,1.153999974206089973e+01,9.579999785870313644e+00,1.824999959208071232e+01,1.333999970182776451e+01,1.663999962806701660e+01,1.075999975949525833e+01,8.809999803081154823e+00,1.469999967142939568e+01,6.489999854937195778e+00,8.919999800622463226e+00,1.038999976776540279e+01,1.146999974362552166e+01,1.044999976642429829e+01,7.069999841973185539e+00,1.223999972641468048e+01,8.189999816939234734e+00,6.789999848231673241e+00
9.719999782741069794e+00,9.649999784305691719e+00,1.060999976284801960e+01,6.159999862313270569e+00,1.173999973759055138e+01,1.048999976553022861e+01,1.324999970383942127e+01,1.539999965578317642e+01,1.152999974228441715e+01,1.470999967120587826e+01,9.369999790564179420e+00,1.732999961264431477e+01,6.859999846667051315e+00,7.479999832808971405e+00,1.062999976240098476e+01,6.739999849349260330e+00,1.585999964550137520e+01,7.949999822303652763e+00,5.569999875500798225e+00,1.693999962136149406e+01
9.409999789670109749e+00,9.079999797046184540e+00,1.347999969869852066e+01,9.029999798163771629e+00,1.467999967187643051e+01,1.764999960549175739e+01,8.879999801516532898e+00,1.569999964907765388e+01,1.161999974027276039e+01,7.239999838173389435e+00,1.584999964572489262e+01,1.758999960683286190e+01,1.500999966450035572e+01,1.436999967880547047e+01,1.540999965555965900e+01,8.349999813362956047e+00,1.261999971792101860e+01,1.675999962538480759e+01,7.339999835938215256e+00,1.262999971769750118e+01
1.783999960124492645e+01,1.180999973602592945e+01,5.019999887794256210e+00,9.409999789670109749e+00,5.449999878183007240e+00,1.918999957107007504e+01,1.003999977558851242e+01,6.609999852254986763e+00,1.311999970674514771e+01,1.234999972395598888e+01,9.299999792128801346e+00,1.139999974519014359e+01,1.876999958045780659e+01,8.779999803751707077e+00,1.977999955788254738e+01,1.516999966092407703e+01,5.259999882429838181e+00,2.264999949373304844e+01,1.329999970272183418e+01,1.548999965377151966e+01
1.179999973624944687e+01,1.002999977581202984e+01,1.346999969892203808e+01,6.339999858289957047e+00,1.453999967500567436e+01,7.309999836608767509e+00,1.949999956414103508e+01,8.299999814480543137e+00,1.496999966539442539e+01,1.117999975010752678e+01,1.656999962963163853e+01,1.050999976508319378e+01,1.183999973535537720e+01,5.869999868795275688e+00,1.325999970361590385e+01,8.459999810904264450e+00,7.649999829009175301e+00,6.369999857619404793e+00,1.718999961577355862e+01,1.052999976463615894e+01
1.510999966226518154e+01,6.539999853819608688e+00,7.499999832361936569e+00,1.985999955609440804e+01,1.565999964997172356e+01,1.171999973803758621e+01,1.811999959498643875e+01,1.895999957621097565e+01,1.272999971546232700e+01,1.241999972239136696e+01,2.440999945439398289e+01,2.248999949730932713e+01,1.258999971859157085e+01,7.889999823644757271e+00,1.827999959141016006e+01,1.184999973513185978e+01,1.581999964639544487e+01,1.102999975346028805e+01,1.023999977111816406e+01,2.186999951116740704e+01
1.507999966293573380e+01,1.572999964840710163e+01,1.842999958805739880e+01,1.494999966584146023e+01,1.264999971725046635e+01,1.746999960951507092e+01,9.369999790564179420e+00,8.609999807551503181e+00,1.080999975837767124e+01,1.002999977581202984e+01,1.302999970875680447e+01,9.509999787434935570e+00,1.450999967567622662e+01,1.731999961286783218e+01,1.231999972462654114e+01,1.654999963007867336e+01,1.205999973043799400e+01,1.497999966517090797e+01,3.149999929592013359e+01,1.277999971434473991e+01
1.509999966248869896e+01,1.394999968819320202e+01,8.759999804198741913e+00,1.625999963656067848e+01,1.398999968729913235e+01,1.493999966606497765e+01,4.959999889135360718e+00,1.607999964058399200e+01,9.169999795034527779e+00,1.138999974541366100e+01,7.839999824762344360e+00,1.299999970942735672e+01,1.538999965600669384e+01,1.303999970853328705e+01,1.254999971948564053e+01,1.099999975413084030e+01,1.068999976105988026e+01,6.089999863877892494e+00,1.138999974541366100e+01,1.981999955698847771e+01
7.149999840185046196e+00,1.670999962650239468e+01,1.419999968260526657e+01,7.549999831244349480e+00,1.976999955810606480e+01,1.188999973423779011e+01,1.184999973513185978e+01,1.958999956212937832e+01,2.427999945729970932e+01,1.799999959766864777e+01,1.971999955922365189e+01,1.961999956145882607e+01,2.079999953508377075e+01,1.631999963521957397e+01,1.350999969802796841e+01,1.708999961800873280e+01,1.775999960303306580e+01,1.976999955810606480e+01,1.299999970942735672e+01,1.976999955810606480e+01
1.602999964170157909e+01,1.617999963834881783e+01,7.469999833032488823e+00,2.004999955184757710e+01,1.384999969042837620e+01,1.369999969378113747e+01,1.216999972797930241e+01,2.127999952435493469e+01,1.272999971546232700e+01,1.486999966762959957e+01,1.453999967500567436e+01,1.218999972753226757e+01,1.091999975591897964e+01,1.608999964036047459e+01,1.570999964885413647e+01,1.188999973423779011e+01,2.363999947160482407e+01,1.202999973110854626e+01,1.530999965779483318e+01,1.105999975278973579e+01
1.202999973110854626e+01,2.169999951496720314e+01,1.391999968886375427e+01,2.141999952122569084e+01,1.176999973691999912e+01,1.231999972462654114e+01,7.599999830126762390e+00,1.080999975837767124e+01,2.061999953910708427e+01,1.599999964237213135e+01,1.791999959945678711e+01,1.049999976530671120e+01,2.022999954782426357e+01,1.194999973289668560e+01,1.597999964281916618e+01,1.283999971300363541e+01,1.609999964013695717e+01,1.465999967232346535e+01,1.123999974876642227e+01,1.220999972708523273e+01
9.429999789223074913e+00,1.667999962717294693e+01,1.469999967142939568e+01,1.363999969512224197e+01,1.670999962650239468e+01,1.378999969176948071e+01,1.887999957799911499e+01,1.254999971948564053e+01,1.909999957308173180e+01,1.544999965466558933e+01,1.626999963633716106e+01,1.989999955520033836e+01,1.298999970965087414e+01,2.134999952279031277e+01,1.210999972932040691e+01,1.573999964818358421e+01,1.093999975547194481e+01,1.503999966382980347e+01,1.485999966785311699e+01,2.405999946221709251e+01
1.646999963186681271e+01,1.269999971613287926e+01,2.017999954894185066e+01,2.083999953418970108e+01,2.065999953821301460e+01,1.471999967098236084e+01,1.342999969981610775e+01,1.984999955631792545e+01,1.586999964527785778e+01,1.229999972507357597e+01,1.763999960571527481e+01,1.077999975904822350e+01,3.536999920941889286e+01,1.892999957688152790e+01,2.065999953821301460e+01,2.210999950580298901e+01,1.841999958828091621e+01,1.333999970182776451e+01,1.404999968595802784e+01,1.688999962247908115e+01
2.050999954156577587e+01,1.742999961040914059e+01,1.177999973669648170e+01,1.606999964080750942e+01,1.019999977201223373e+01,1.194999973289668560e+01,1.180999973602592945e+01,1.412999968416988850e+01,1.452999967522919178e+01,3.259999927133321762e+01,1.318999970518052578e+01,1.030999976955354214e+01,1.265999971702694893e+01,2.304999948479235172e+01,1.284999971278011799e+01,1.106999975256621838e+01,1.455999967455863953e+01,1.880999957956373692e+01,1.961999956145882607e+01,1.550999965332448483e+01
2.126999952457845211e+01,1.465999967232346535e+01,1.938999956659972668e+01,1.886999957822263241e+01,1.297999970987439156e+01,1.619999963790178299e+01,2.223999950289726257e+01,2.131999952346086502e+01,1.265999971702694893e+01,1.803999959677457809e+01,1.740999961085617542e+01,1.595999964326620102e+01,1.999999955296516418e+01,1.205999973043799400e+01,1.740999961085617542e+01,1.685999962314963341e+01,1.963999956101179123e+01,1.417999968305230141e+01,1.552999965287744999e+01,1.311999970674514771e+01
1.524999965913593769e+01,1.546999965421855450e+01,1.861999958381056786e+01,1.986999955587089062e+01,1.877999958023428917e+01,1.281999971345067024e+01,1.575999964773654938e+01,1.827999959141016006e+01,1.770999960415065289e+01,2.719999939203262329e+01,1.847999958693981171e+01,1.333999970182776451e+01,1.666999962739646435e+01,1.264999971725046635e+01,1.435999967902898788e+01,2.302999948523938656e+01,1.546999965421855450e+01,1.361999969556927681e+01,2.163999951630830765e+01,2.042999954335391521e+01
1.744999960996210575e+01,2.252999949641525745e+01,1.822999959252774715e+01,1.982999955676496029e+01,1.658999962918460369e+01,2.214999950490891933e+01,1.651999963074922562e+01,1.492999966628849506e+01,1.960999956168234348e+01,1.773999960348010063e+01,2.133999952301383018e+01,2.136999952234327793e+01,2.000999955274164677e+01,1.808999959565699100e+01,1.514999966137111187e+01,1.920999957062304020e+01,1.671999962627887726e+01,1.836999958939850330e+01,2.230999950133264065e+01,1.864999958314001560e+01
1.625999963656067848e+01,1.710999961756169796e+01,2.138999952189624310e+01,1.886999957822263241e+01,1.208999972976744175e+01,1.749999960884451866e+01,3.944999911822378635e+01,1.728999961353838444e+01,1.257999971881508827e+01,2.327999947965145111e+01,1.720999961532652378e+01,1.467999967187643051e+01,2.113999952748417854e+01,1.824999959208071232e+01,2.133999952301383018e+01,1.465999967232346535e+01,2.339999947696924210e+01,1.830999959073960781e+01,2.734999938867986202e+01,1.566999964974820614e+01
1.189999973401427269e+01,2.332999947853386402e+01,8.569999808445572853e+00,4.749999893829226494e+00,2.257999949529767036e+01,1.336999970115721226e+01,2.283999948948621750e+01,5.839999869465827942e+00,1.996999955363571644e+01,1.513999966159462929e+01,2.323999948054552078e+01,2.260999949462711811e+01,1.259999971836805344e+01,7.849999824538826942e+00,1.381999969109892845e+01,1.520999966003000736e+01,3.699999917298555374e+00,2.396999946422874928e+01,1.102999975346028805e+01,2.168999951519072056e+01
1.682999962382018566e+01,1.319999970495700836e+01,1.186999973468482494e+01,1.380999969132244587e+01,2.334999947808682919e+01,1.472999967075884342e+01,1.249999972060322762e+01,1.185999973490834236e+01,2.477999944612383842e+01,1.517999966070055962e+01,1.219999972730875015e+01,5.139999885112047195e+00,1.739999961107969284e+01,1.507999966293573380e+01,4.909999890252947807e+00,2.408999946154654026e+01,1.538999965600669384e+01,4.769999893382191658e+00,1.185999973490834236e+01,1.415999968349933624e+01
1.362999969534575939e+01,1.730999961309134960e+01,9.099999796599149704e+00,6.469999855384230614e+00,1.661999962851405144e+01,2.403999946266412735e+01,1.895999957621097565e+01,5.599999874830245972e+00,1.858999958448112011e+01,1.563999965041875839e+01,1.851999958604574203e+01,1.816999959386885166e+01,7.309999836608767509e+00,1.176999973691999912e+01,1.148999974317848682e+01,1.584999964572489262e+01,2.014999954961240292e+01,1.728999961353838444e+01,1.009999977424740791e+01,2.262999949418008327e+01
2.152999951876699924e+01,2.341999947652220726e+01,1.906999957375228405e+01,1.075999975949525833e+01,1.102999975346028805e+01,1.513999966159462929e+01,1.974999955855309963e+01,9.109999796375632286e+00,2.220999950356781483e+01,2.035999954491853714e+01,1.696999962069094181e+01,1.106999975256621838e+01,1.908999957330524921e+01,1.757999960705637932e+01,1.609999964013695717e+01,2.236999949999153614e+01,1.955999956279993057e+01,1.857999958470463753e+01,2.054999954067170620e+01,2.504999944008886814e+01
2.029999954625964165e+01,1.968999955989420414e+01,2.109999952837824821e+01,1.569999964907765388e+01,2.295999948680400848e+01,2.823999936878681183e+01,2.298999948613345623e+01,2.809999937191605568e+01,1.468999967165291309e+01,1.982999955676496029e+01,1.900999957509338856e+01,1.389999968931078911e+01,1.833999959006905556e+01,1.233999972417950630e+01,1.821999959275126457e+01,1.636999963410198689e+01,1.857999958470463753e+01,1.593999964371323586e+01,2.149999951943755150e+01,2.183999951183795929e+01
3.211999928206205368e+01,2.155999951809644699e+01,2.494999944232404232e+01,1.818999959342181683e+01,1.721999961510300636e+01,1.652999963052570820e+01,2.822999936901032925e+01,2.393999946489930153e+01,1.730999961309134960e+01,1.949999956414103508e+01,2.188999951072037220e+01,1.540999965555965900e+01,1.638999963365495205e+01,2.237999949976801872e+01,1.606999964080750942e+01,2.043999954313039780e+01,1.733999961242079735e+01,2.004999955184757710e+01,2.823999936878681183e+01,3.011999932676553726e+01
1.795999959856271744e+01,1.782999960146844387e+01,2.469999944791197777e+01,2.008999955095350742e+01,2.086999953351914883e+01,1.584999964572489262e+01,2.667999940365552902e+01,1.159999974071979523e+01,1.779999960213899612e+01,1.727999961376190186e+01,2.446999945305287838e+01,1.345999969914555550e+01,2.405999946221709251e+01,1.579999964684247971e+01,2.204999950714409351e+01,1.566999964974820614e+01,2.472999944724142551e+01,1.671999962627887726e+01,1.988999955542385578e+01,9.139999795705080032e+00
1.426999968104064465e+01,2.795999937504529953e+01,1.332999970205128193e+01,1.458999967388808727e+01,2.841999936476349831e+01,1.944999956525862217e+01,1.868999958224594593e+01,2.862999936006963253e+01,1.335999970138072968e+01,2.495999944210052490e+01,2.673999940231442451e+01,2.159999951720237732e+01,1.505999966338276863e+01,2.064999953843653202e+01,2.419999945908784866e+01,2.426999945752322674e+01,2.150999951921403408e+01,1.903999957442283630e+01,2.359999947249889374e+01,2.304999948479235172e+01
2.186999951116740704e+01,2.357999947294592857e+01,1.907999957352876663e+01,1.980999955721199512e+01,2.106999952904880047e+01,8.719999805092811584e+00,2.123999952524900436e+01,2.446999945305287838e+01,1.104999975301325321e+01,2.209999950602650642e+01,1.905999957397580147e+01,2.038999954424798489e+01,2.060999953933060169e+01,2.376999946869909763e+01,2.343999947607517242e+01,1.516999966092407703e+01,1.400999968685209751e+01,2.832999936677515507e+01,2.172999951429665089e+01,1.988999955542385578e+01
2.354999947361648083e+01,2.548999943025410175e+01,3.089999930933117867e+01,2.149999951943755150e+01,1.863999958336353302e+01,2.593999942019581795e+01,1.874999958090484142e+01,1.449999967589974403e+01,1.696999962069094181e+01,1.873999958112835884e+01,2.621999941393733025e+01,2.059999953955411911e+01,2.188999951072037220e+01,2.727999939024448395e+01,2.580999942310154438e+01,2.107999952882528305e+01,2.576999942399561405e+01,2.859999936074018478e+01,2.737999938800930977e+01,2.367999947071075439e+01
1.988999955542385578e+01,1.707999961823225021e+01,2.073999953642487526e+01,2.004999955184757710e+01,1.488999966718256474e+01,2.060999953933060169e+01,1.791999959945678711e+01,2.427999945729970932e+01,2.629999941214919090e+01,2.959999933838844299e+01,2.607999941706657410e+01,2.641999940946698189e+01,2.058999953977763653e+01,1.850999958626925945e+01,2.582999942265450954e+01,2.088999953307211399e+01,6.239999860525131226e+00,2.748999938555061817e+01,1.826999959163367748e+01,3.185999928787350655e+01
2.087999953329563141e+01,2.339999947696924210e+01,3.933999912068247795e+01,1.822999959252774715e+01,1.164999973960220814e+01,2.409999946132302284e+01,2.321999948099255562e+01,1.645999963209033012e+01,1.869999958202242851e+01,1.927999956905841827e+01,1.804999959655106068e+01,2.138999952189624310e+01,1.807999959588050842e+01,1.887999957799911499e+01,1.697999962046742439e+01,2.595999941974878311e+01,2.503999944031238556e+01,2.675999940186738968e+01,2.377999946847558022e+01,3.415999923646450043e+01
1.960999956168234348e+01,2.787999937683343887e+01,2.568999942578375340e+01,2.581999942287802696e+01,3.270999926887452602e+01,2.285999948903918266e+01,2.087999953329563141e+01,2.800999937392771244e+01,2.108999952860176563e+01,2.433999945595860481e+01,1.861999958381056786e+01,3.893999912962317467e+01,2.244999949820339680e+01,2.269999949261546135e+01,2.385999946668744087e+01,1.809999959543347359e+01,2.027999954670667648e+01,2.568999942578375340e+01,2.874999935738742352e+01,2.423999945819377899e+01
2.368999947048723698e+01,2.324999948032200336e+01,1.617999963834881783e+01,2.182999951206147671e+01,2.270999949239194393e+01,2.437999945506453514e+01,2.421999945864081383e+01,2.696999939717352390e+01,2.360999947227537632e+01,8.969999799504876137e+00,1.925999956950545311e+01,2.803999937325716019e+01,2.267999949306249619e+01,2.845999936386942863e+01,2.360999947227537632e+01,2.386999946646392345e+01,2.368999947048723698e+01,3.771999915689229965e+01,1.926999956928193569e+01,6.499999854713678360e+00
1.968999955989420414e+01,1.910999957285821438e+01,3.351999925076961517e+01,1.828999959118664265e+01,2.849999936297535896e+01,3.951999911665916443e+01,2.396999946422874928e+01,2.738999938778579235e+01,3.308999926038086414e+01,1.884999957866966724e+01,1.986999955587089062e+01,2.618999941460788250e+01,2.297999948635697365e+01,2.873999935761094093e+01,2.862999936006963253e+01,2.843999936431646347e+01,2.131999952346086502e+01,2.405999946221709251e+01,2.111999952793121338e+01,2.984999933280050755e+01
2.362999947182834148e+01,2.386999946646392345e+01,2.805999937281012535e+01,2.964999933727085590e+01,2.177999951317906380e+01,2.626999941281974316e+01,2.698999939672648907e+01,2.490999944321811199e+01,2.770999938063323498e+01,2.282999948970973492e+01,2.343999947607517242e+01,2.436999945528805256e+01,2.984999933280050755e+01,2.525999943539500237e+01,2.817999937012791634e+01,1.563999965041875839e+01,2.485999944433569908e+01,3.042999931983649731e+01,3.711999917030334473e+01,2.510999943874776363e+01
2.097999953106045723e+01,2.161999951675534248e+01,2.996999933011829853e+01,1.850999958626925945e+01,2.105999952927231789e+01,2.630999941192567348e+01,1.531999965757131577e+01,2.806999937258660793e+01,2.273999949172139168e+01,2.073999953642487526e+01,2.108999952860176563e+01,2.528999943472445011e+01,2.833999936655163765e+01,2.262999949418008327e+01,2.464999944902956486e+01,3.377999924495816231e+01,1.970999955944716930e+01,2.120999952591955662e+01,1.712999961711466312e+01,2.905999935045838356e+01
3.051999931782484055e+01,2.682999940030276775e+01,2.598999941907823086e+01,3.852999913878738880e+01,2.454999945126473904e+01,1.865999958291649818e+01,2.220999950356781483e+01,2.723999939113855362e+01,2.443999945372343063e+01,1.459999967366456985e+01,2.073999953642487526e+01,1.975999955832958221e+01,2.701999939605593681e+01,2.575999942421913147e+01,2.724999939091503620e+01,3.015999932587146759e+01,2.631999941170215607e+01,2.574999942444264889e+01,1.893999957665801048e+01,2.677999940142035484e+01
1.556999965198338032e+01,2.278999949060380459e+01,2.643999940901994705e+01,2.235999950021505356e+01,2.113999952748417854e+01,2.816999937035143375e+01,2.451999945193529129e+01,2.059999953955411911e+01,1.067999976128339767e+01,1.989999955520033836e+01,2.476999944634735584e+01,2.076999953575432301e+01,1.873999958112835884e+01,3.143999929726123810e+01,2.160999951697885990e+01,2.890999935381114483e+01,2.164999951608479023e+01,2.983999933302402496e+01,3.262999927066266537e+01,2.981999933347105980e+01
3.178999928943812847e+01,2.179999951273202896e+01,1.868999958224594593e+01,2.094999953173100948e+01,2.375999946892261505e+01,1.898999957554042339e+01,3.359999924898147583e+01,2.090999953262507915e+01,1.937999956682324409e+01,3.246999927423894405e+01,2.312999948300421238e+01,2.303999948501586914e+01,3.066999931447207928e+01,2.075999953597784042e+01,2.754999938420951366e+01,1.894999957643449306e+01,1.786999960057437420e+01,3.070999931357800961e+01,3.044999931938946247e+01,3.326999925635755062e+01
2.276999949105083942e+01,2.800999937392771244e+01,3.030999932251870632e+01,2.484999944455921650e+01,2.553999942913651466e+01,2.133999952301383018e+01,1.827999959141016006e+01,2.310999948345124722e+01,1.663999962806701660e+01,2.482999944500625134e+01,2.038999954424798489e+01,2.237999949976801872e+01,2.856999936141073704e+01,3.023999932408332825e+01,2.544999943114817142e+01,2.369999947026371956e+01,1.990999955497682095e+01,2.110999952815473080e+01,3.353999925032258034e+01,2.545999943092465401e+01
2.321999948099255562e+01,2.759999938309192657e+01,3.493999921903014183e+01,2.313999948278069496e+01,2.928999934531748295e+01,2.157999951764941216e+01,3.036999932117760181e+01,2.119999952614307404e+01,2.844999936409294605e+01,3.166999929212033749e+01,2.036999954469501972e+01,2.840999936498701572e+01,2.669999940320849419e+01,3.286999926529824734e+01,2.206999950669705868e+01,2.584999942220747471e+01,3.463999922573566437e+01,3.109999930486083031e+01,3.222999927960336208e+01,2.910999934934079647e+01
2.561999942734837532e+01,2.323999948054552078e+01,1.616999963857233524e+01,3.414999923668801785e+01,3.303999926149845123e+01,3.145999929681420326e+01,2.153999951854348183e+01,3.114999930374324322e+01,2.867999935895204544e+01,2.743999938666820526e+01,2.682999940030276775e+01,1.591999964416027069e+01,3.070999931357800961e+01,3.217999928072094917e+01,1.783999960124492645e+01,1.559999965131282806e+01,2.844999936409294605e+01,9.669999783858656883e+00,3.105999930575489998e+01,3.391999924182891846e+01
7.989999821409583092e+00,1.669999962672591209e+01,2.599999941885471344e+01,2.113999952748417854e+01,2.366999947093427181e+01,2.574999942444264889e+01,2.303999948501586914e+01,3.146999929659068584e+01,2.330999947898089886e+01,1.340999970026314259e+01,2.594999941997230053e+01,2.879999935626983643e+01,8.569999808445572853e+00,3.090999930910766125e+01,1.689999962225556374e+01,2.900999935157597065e+01,2.187999951094388962e+01,1.469999967142939568e+01,2.035999954491853714e+01,2.868999935872852802e+01
1.834999958984553814e+01,3.314999925903975964e+01,2.348999947495758533e+01,2.926999934576451778e+01,3.282999926619231701e+01,1.927999956905841827e+01,2.876999935694038868e+01,3.438999923132359982e+01,2.591999942064285278e+01,3.160999929346144199e+01,2.725999939069151878e+01,2.690999939851462841e+01,3.348999925144016743e+01,2.892999935336410999e+01,3.247999927401542664e+01,2.934999934397637844e+01,3.044999931938946247e+01,1.935999956727027893e+01,3.189999928697943687e+01,3.651999918371438980e+01
3.300999926216900349e+01,2.301999948546290398e+01,3.437999923154711723e+01,3.246999927423894405e+01,2.013999954983592033e+01,2.733999938890337944e+01,3.428999923355877399e+01,3.028999932296574116e+01,3.410999923758208752e+01,3.936999912001192570e+01,1.702999961934983730e+01,2.917999934777617455e+01,1.477999966964125633e+01,3.319999925792217255e+01,1.712999961711466312e+01,3.945999911800026894e+01,1.854999958537518978e+01,3.960999911464750767e+01,2.499999944120645523e+01,1.758999960683286190e+01
3.855999913811683655e+01,3.160999929346144199e+01,3.291999926418066025e+01,2.603999941796064377e+01,3.083999931067228317e+01,3.047999931871891022e+01,1.985999955609440804e+01,1.742999961040914059e+01,3.391999924182891846e+01,2.679999940097332001e+01,1.570999964885413647e+01,1.193999973312020302e+01,2.851999936252832413e+01,3.319999925792217255e+01,2.688999939896166325e+01,1.477999966964125633e+01,3.289999926462769508e+01,2.387999946624040604e+01,3.197999928519129753e+01,2.635999941080808640e+01
3.297999926283955574e+01,3.104999930597841740e+01,3.040999932028353214e+01,1.453999967500567436e+01,3.372999924607574940e+01,3.296999926306307316e+01,3.425999923422932625e+01,1.474999967031180859e+01,3.152999929524958134e+01,2.640999940969049931e+01,1.680999962426722050e+01,3.034999932162463665e+01,2.635999941080808640e+01,1.789999959990382195e+01,3.091999930888414383e+01,2.171999951452016830e+01,3.015999932587146759e+01,2.893999935314059258e+01,3.336999925412237644e+01,2.720999939180910587e+01
2.390999946556985378e+01,3.091999930888414383e+01,3.288999926485121250e+01,2.981999933347105980e+01,2.968999933637678623e+01,2.983999933302402496e+01,3.183999928832054138e+01,2.769999938085675240e+01,2.743999938666820526e+01,3.117999930307269096e+01,2.517999943718314171e+01,3.230999927781522274e+01,3.402999923937022686e+01,2.879999935626983643e+01,2.681999940052628517e+01,2.480999944545328617e+01,3.044999931938946247e+01,3.194999928586184978e+01,2.820999936945736408e+01,2.271999949216842651e+01
2.342999947629868984e+01,3.053999931737780571e+01,3.332999925501644611e+01,3.110999930463731289e+01,2.519999943673610687e+01,3.507999921590089798e+01,2.708999939449131489e+01,3.175999929010868073e+01,3.276999926753342152e+01,2.824999936856329441e+01,2.828999936766922474e+01,2.627999941259622574e+01,3.195999928563833237e+01,3.919999912381172180e+01,2.164999951608479023e+01,2.523999943584203720e+01,1.926999956928193569e+01,2.308999948389828205e+01,3.853999913856387138e+01,2.326999947987496853e+01
2.935999934375286102e+01,2.822999936901032925e+01,2.981999933347105980e+01,3.089999930933117867e+01,3.125999930128455162e+01,2.894999935291707516e+01,3.150999929569661617e+01,3.378999924473464489e+01,3.867999913543462753e+01,2.809999937191605568e+01,2.463999944925308228e+01,2.263999949395656586e+01,2.364999947138130665e+01,2.943999934196472168e+01,2.648999940790235996e+01,3.066999931447207928e+01,1.437999967858195305e+01,3.094999930821359158e+01,2.914999934844672680e+01,2.818999936990439892e+01
2.665999940410256386e+01,2.758999938331544399e+01,3.198999928496778011e+01,3.597999919578433037e+01,2.911999934911727905e+01,3.135999929904937744e+01,2.974999933503568172e+01,3.279999926686286926e+01,3.026999932341277599e+01,3.507999921590089798e+01,2.509999943897128105e+01,3.038999932073056698e+01,3.731999916583299637e+01,2.836999936588108540e+01,2.132999952323734760e+01,2.474999944679439068e+01,2.223999950289726257e+01,2.399999946355819702e+01,2.617999941483139992e+01,2.974999933503568172e+01
3.079999931156635284e+01,1.860999958403408527e+01,2.337999947741627693e+01,3.057999931648373604e+01,2.987999933212995529e+01,2.593999942019581795e+01,2.406999946199357510e+01,2.610999941639602184e+01,1.877999958023428917e+01,2.743999938666820526e+01,2.439999945461750031e+01,2.876999935694038868e+01,2.625999941304326057e+01,2.231999950110912323e+01,2.843999936431646347e+01,2.015999954938888550e+01,2.329999947920441628e+01,2.928999934531748295e+01,2.088999953307211399e+01,2.315999948233366013e+01
3.531999921053647995e+01,2.011999955028295517e+01,2.722999939136207104e+01,2.890999935381114483e+01,3.355999924987554550e+01,3.164999929256737232e+01,2.319999948143959045e+01,3.178999928943812847e+01,2.356999947316944599e+01,3.223999927937984467e+01,3.169999929144978523e+01,2.858999936096370220e+01,2.849999936297535896e+01,3.165999929234385490e+01,3.895999912917613983e+01,2.049999954178929329e+01,3.562999920360743999e+01,3.246999927423894405e+01,2.871999935805797577e+01,2.603999941796064377e+01
2.302999948523938656e+01,2.407999946177005768e+01,3.440999923087656498e+01,2.901999935135245323e+01,2.625999941304326057e+01,2.909999934956431389e+01,2.866999935917556286e+01,3.219999928027391434e+01,2.801999937370419502e+01,2.937999934330582619e+01,1.970999955944716930e+01,2.623999941349029541e+01,3.069999931380152702e+01,2.860999936051666737e+01,2.564999942667782307e+01,2.861999936029314995e+01,1.942999956570565701e+01,2.169999951496720314e+01,1.957999956235289574e+01,2.994999933056533337e+01
2.425999945774674416e+01,3.890999913029372692e+01,2.744999938644468784e+01,2.877999935671687126e+01,2.867999935895204544e+01,2.871999935805797577e+01,2.490999944321811199e+01,2.445999945327639580e+01,3.004999932833015919e+01,2.232999950088560581e+01,3.042999931983649731e+01,2.479999944567680359e+01,3.210999928228557110e+01,2.322999948076903820e+01,2.969999933615326881e+01,2.976999933458864689e+01,2.916999934799969196e+01,3.391999924182891846e+01,2.340999947674572468e+01,2.966999933682382107e+01
2.749999938532710075e+01,2.899999935179948807e+01,3.002999932877719402e+01,3.232999927736818790e+01,2.790999937616288662e+01,2.865999935939908028e+01,2.950999934040009975e+01,2.708999939449131489e+01,3.233999927714467049e+01,3.353999925032258034e+01,2.919999934732913971e+01,2.797999937459826469e+01,2.809999937191605568e+01,3.240999927558004856e+01,2.701999939605593681e+01,3.058999931626021862e+01,2.986999933235347271e+01,2.901999935135245323e+01,2.924999934621155262e+01,2.880999935604631901e+01
2.891999935358762741e+01,2.595999941974878311e+01,2.594999941997230053e+01,2.651999940723180771e+01,3.052999931760132313e+01,2.590999942086637020e+01,3.076999931223690510e+01,1.585999964550137520e+01,2.660999940522015095e+01,2.838999936543405056e+01,2.140999952144920826e+01,2.737999938800930977e+01,2.758999938331544399e+01,2.882999935559928417e+01,3.257999927178025246e+01,2.957999933883547783e+01,2.113999952748417854e+01,3.382999924384057522e+01,2.873999935761094093e+01,2.593999942019581795e+01
2.637999941036105156e+01,2.692999939806759357e+01,2.934999934397637844e+01,3.124999930150806904e+01,2.205999950692057610e+01,2.628999941237270832e+01,2.076999953575432301e+01,3.543999920785427094e+01,2.276999949105083942e+01,2.930999934487044811e+01,2.067999953776597977e+01,2.284999948926270008e+01,2.454999945126473904e+01,3.290999926440417767e+01,2.758999938331544399e+01,2.027999954670667648e+01,3.189999928697943687e+01,2.583999942243099213e+01,3.024999932385981083e+01,2.408999946154654026e+01
2.919999934732913971e+01,3.025999932363629341e+01,3.144999929703772068e+01,3.823999914526939392e+01,2.856999936141073704e+01,2.912999934889376163e+01,3.280999926663935184e+01,2.234999950043857098e+01,2.599999941885471344e+01,2.339999947696924210e+01,2.904999935068190098e+01,2.700999939627945423e+01,2.857999936118721962e+01,2.341999947652220726e+01,3.023999932408332825e+01,2.668999940343201160e+01,2.597999941930174828e+01,1.559999965131282806e+01,2.952999933995306492e+01,3.151999929547309875e+01
2.606999941729009151e+01,3.088999930955469608e+01,3.187999928742647171e+01,3.186999928764998913e+01,2.125999952480196953e+01,2.431999945640563965e+01,3.107999930530786514e+01,2.936999934352934361e+01,2.790999937616288662e+01,2.638999941013753414e+01,2.735999938845634460e+01,3.445999922975897789e+01,2.990999933145940304e+01,2.942999934218823910e+01,3.028999932296574116e+01,2.437999945506453514e+01,3.370999924652278423e+01,2.674999940209090710e+01,2.790999937616288662e+01,2.969999933615326881e+01
2.943999934196472168e+01,3.412999923713505268e+01,2.763999938219785690e+01,3.117999930307269096e+01,3.669999917969107628e+01,3.256999927200376987e+01,3.245999927446246147e+01,3.517999921366572380e+01,2.783999937772750854e+01,3.499999921768903732e+01,2.939999934285879135e+01,3.269999926909804344e+01,3.410999923758208752e+01,2.543999943137168884e+01,2.776999937929213047e+01,3.235999927669763565e+01,3.279999926686286926e+01,2.804999937303364277e+01,2.977999933436512947e+01,3.341999925300478935e+01
3.284999926574528217e+01,3.529999921098351479e+01,3.749999916180968285e+01,2.923999934643507004e+01,3.767999915778636932e+01,3.487999922037124634e+01,3.377999924495816231e+01,3.079999931156635284e+01,2.979999933391809464e+01,3.446999922953546047e+01,3.552999920584261417e+01,3.321999925747513771e+01,3.639999918639659882e+01,3.091999930888414383e+01,2.656999940611422062e+01,3.589999919757246971e+01,3.474999922327697277e+01,3.232999927736818790e+01,3.718999916873872280e+01,3.161999929323792458e+01
2.858999936096370220e+01,3.683999917656183243e+01,3.705999917164444923e+01,3.087999930977821350e+01,3.043999931961297989e+01,3.722999916784465313e+01,2.831999936699867249e+01,3.004999932833015919e+01,3.779999915510416031e+01,3.871999913454055786e+01,3.677999917790293694e+01,3.531999921053647995e+01,3.912999912537634373e+01,3.232999927736818790e+01,3.745999916270375252e+01,3.728999916650354862e+01,3.856999913789331913e+01,3.727999916672706604e+01,3.281999926641583443e+01,3.751999916136264801e+01
3.467999922484159470e+01,3.299999926239252090e+01,3.456999922730028629e+01,3.564999920316040516e+01,3.472999922372400761e+01,3.621999919041991234e+01,3.501999921724200249e+01,3.357999924942851067e+01,3.595999919623136520e+01,1.966999956034123898e+01,3.572999920137226582e+01,3.300999926216900349e+01,3.274999926798045635e+01,3.511999921500682831e+01,3.449999922886490822e+01,3.521999921277165413e+01,3.626999918930232525e+01,3.531999921053647995e+01,3.533999921008944511e+01,3.436999923177063465e+01
3.602999919466674328e+01,3.524999921210110188e+01,3.541999920830130577e+01,3.555999920517206192e+01,3.620999919064342976e+01,3.334999925456941128e+01,3.291999926418066025e+01,3.571999920159578323e+01,3.766999915800988674e+01,3.185999928787350655e+01,3.239999927580356598e+01,3.420999923534691334e+01,3.129999930039048195e+01,3.260999927110970020e+01,3.042999931983649731e+01,3.520999921299517155e+01,3.561999920383095741e+01,3.517999921366572380e+01,3.542999920807778835e+01,3.192999928630888462e+01
3.277999926730990410e+01,3.675999917834997177e+01,3.568999920226633549e+01,3.567999920248985291e+01,3.712999917007982731e+01,3.175999929010868073e+01,3.576999920047819614e+01,3.291999926418066025e+01,3.413999923691153526e+01,3.326999925635755062e+01,3.891999913007020950e+01,3.341999925300478935e+01,3.417999923601746559e+01,3.040999932028353214e+01,3.003999932855367661e+01,3.652999918349087238e+01,3.464999922551214695e+01,3.925999912247061729e+01,3.639999918639659882e+01,3.698999917320907116e+01
3.366999924741685390e+01,3.834999914281070232e+01,3.084999931044876575e+01,3.631999918818473816e+01,3.760999915935099125e+01,3.299999926239252090e+01,3.705999917164444923e+01,3.770999915711581707e+01,3.098999930731952190e+01,3.148999929614365101e+01,3.564999920316040516e+01,3.826999914459884167e+01,3.603999919444322586e+01,3.806999914906919003e+01,3.838999914191663265e+01,3.892999912984669209e+01,3.800999915041029453e+01,3.636999918706715107e+01,3.416999923624098301e+01,3.407999923825263977e+01
3.767999915778636932e+01,3.563999920338392258e+01,3.511999921500682831e+01,3.646999918483197689e+01,3.656999918259680271e+01,3.643999918550252914e+01,3.644999918527901173e+01,3.434999923221766949e+01,3.401999923959374428e+01,3.109999930486083031e+01,3.646999918483197689e+01,3.688999917544424534e+01,3.381999924406409264e+01,3.673999917879700661e+01,3.334999925456941128e+01,3.674999917857348919e+01,3.454999922774732113e+01,3.452999922819435596e+01,3.748999916203320026e+01,3.576999920047819614e+01
3.729999916628003120e+01,3.624999918974936008e+01,2.350999947451055050e+01,3.763999915868043900e+01,3.646999918483197689e+01,3.607999919354915619e+01,3.643999918550252914e+01,3.356999924965202808e+01,3.440999923087656498e+01,3.091999930888414383e+01,3.719999916851520538e+01,3.605999919399619102e+01,3.746999916248023510e+01,3.681999917700886726e+01,3.701999917253851891e+01,3.798999915085732937e+01,3.543999920785427094e+01,3.388999924249947071e+01,3.367999924719333649e+01,3.690999917499721050e+01
3.287999926507472992e+01,3.563999920338392258e+01,3.617999919131398201e+01,3.587999919801950455e+01,3.814999914728105068e+01,2.838999936543405056e+01,3.554999920539557934e+01,3.670999917946755886e+01,3.746999916248023510e+01,3.061999931558966637e+01,3.793999915197491646e+01,3.646999918483197689e+01,2.789999937638640404e+01,3.156999929435551167e+01,3.780999915488064289e+01,3.368999924696981907e+01,3.946999911777675152e+01,3.360999924875795841e+01,3.889999913051724434e+01,3.707999917119741440e+01
3.458999922685325146e+01,3.919999912381172180e+01,3.605999919399619102e+01,3.685999917611479759e+01,3.788999915309250355e+01,3.622999919019639492e+01,3.835999914258718491e+01,3.635999918729066849e+01,3.920999912358820438e+01,3.831999914348125458e+01,3.604999919421970844e+01,3.858999913744628429e+01,3.786999915353953838e+01,3.940999911911785603e+01,3.686999917589128017e+01,3.962999911420047283e+01,3.735999916493892670e+01,2.948999934084713459e+01,3.841999914124608040e+01,3.955999911576509476e+01
3.333999925479292870e+01,3.584999919869005680e+01,3.863999913632869720e+01,3.634999918751418591e+01,3.822999914549291134e+01,3.762999915890395641e+01,3.912999912537634373e+01,3.680999917723238468e+01,3.642999918572604656e+01,3.824999914504587650e+01,3.742999916337430477e+01,3.268999926932156086e+01,3.545999920740723610e+01,3.579999919980764389e+01,3.828999914415180683e+01,3.680999917723238468e+01,3.796999915130436420e+01,3.398999924026429653e+01,3.826999914459884167e+01,3.544999920763075352e+01
3.879999913275241852e+01,3.951999911665916443e+01,3.641999918594956398e+01,3.654999918304383755e+01,3.726999916695058346e+01,3.544999920763075352e+01,3.545999920740723610e+01,3.935999912023544312e+01,3.691999917477369308e+01,3.688999917544424534e+01,3.718999916873872280e+01,3.827999914437532425e+01,3.692999917455017567e+01,3.642999918572604656e+01,3.774999915622174740e+01,3.863999913632869720e+01,3.732999916560947895e+01,3.575999920070171356e+01,3.949999911710619926e+01,3.733999916538596153e+01
3.660999918170273304e+01,3.786999915353953838e+01,3.457999922707676888e+01,3.814999914728105068e+01,3.799999915063381195e+01,3.678999917767941952e+01,3.411999923735857010e+01,3.851999913901090622e+01,3.703999917209148407e+01,3.731999916583299637e+01,3.639999918639659882e+01,3.805999914929270744e+01,3.948999911732971668e+01,3.521999921277165413e+01,3.407999923825263977e+01,3.810999914817512035e+01,3.681999917700886726e+01,3.762999915890395641e+01,3.557999920472502708e+01,3.550999920628964901e+01
3.832999914325773716e+01,3.654999918304383755e+01,3.648999918438494205e+01,3.327999925613403320e+01,3.711999917030334473e+01,3.631999918818473816e+01,3.796999915130436420e+01,3.449999922886490822e+01,3.641999918594956398e+01,3.743999916315078735e+01,3.741999916359782219e+01,3.841999914124608040e+01,3.889999913051724434e+01,3.679999917745590210e+01,3.615999919176101685e+01,3.765999915823340416e+01,3.770999915711581707e+01,3.455999922752380371e+01,3.689999917522072792e+01,3.256999927200376987e+01
3.568999920226633549e+01,3.705999917164444923e+01,3.706999917142093182e+01,3.552999920584261417e+01,3.694999917410314083e+01,3.834999914281070232e+01,3.448999922908842564e+01,3.770999915711581707e+01,3.265999926999211311e+01,3.769999915733933449e+01,3.592999919690191746e+01,3.902999912761151791e+01,3.430999923311173916e+01,3.921999912336468697e+01,3.575999920070171356e+01,3.324999925680458546e+01,3.855999913811683655e+01,3.772999915666878223e+01,3.300999926216900349e+01,3.829999914392828941e+01
3.914999912492930889e+01,3.864999913610517979e+01,3.826999914459884167e+01,3.744999916292726994e+01,3.848999913968145847e+01,3.580999919958412647e+01,3.863999913632869720e+01,3.784999915398657322e+01,3.899999912828207016e+01,3.638999918662011623e+01,3.620999919064342976e+01,3.891999913007020950e+01,3.955999911576509476e+01,3.827999914437532425e+01,3.797999915108084679e+01,3.881999913230538368e+01,3.747999916225671768e+01,3.485999922081828117e+01,3.849999913945794106e+01,3.814999914728105068e+01
3.763999915868043900e+01,3.817999914661049843e+01,3.838999914191663265e+01,3.815999914705753326e+01,3.828999914415180683e+01,3.926999912224709988e+01,3.832999914325773716e+01,3.792999915219843388e+01,3.477999922260642052e+01,3.519999921321868896e+01,3.735999916493892670e+01,3.712999917007982731e+01,3.681999917700886726e+01,3.814999914728105068e+01,3.920999912358820438e+01,3.883999913185834885e+01,2.896999935247004032e+01,3.702999917231500149e+01,3.738999916426837444e+01,3.742999916337430477e+01
3.963999911397695541e+01,3.859999913722276688e+01,3.758999915979802608e+01,3.498999921791255474e+01,3.823999914526939392e+01,3.495999921858310699e+01,3.700999917276203632e+01,3.810999914817512035e+01,3.842999914102256298e+01,3.798999915085732937e+01,3.928999912180006504e+01,3.233999927714467049e+01,2.796999937482178211e+01,3.926999912224709988e+01,3.882999913208186626e+01,3.794999915175139904e+01,3.775999915599822998e+01,3.767999915778636932e+01,3.905999912694096565e+01,3.923999912291765213e+01
3.615999919176101685e+01,3.704999917186796665e+01,3.578999920003116131e+01,3.836999914236366749e+01,3.968999911285936832e+01,3.042999931983649731e+01,3.862999913655221462e+01,3.911999912559986115e+01,3.755999916046857834e+01,3.794999915175139904e+01,3.897999912872910500e+01,3.799999915063381195e+01,3.845999914035201073e+01,3.540999920852482319e+01,3.841999914124608040e+01,3.830999914370477200e+01,3.886999913118779659e+01,3.800999915041029453e+01,3.833999914303421974e+01,3.484999922104179859e+01
3.742999916337430477e+01,3.084999931044876575e+01,3.342999925278127193e+01,3.692999917455017567e+01,3.942999911867082119e+01,3.035999932140111923e+01,3.075999931246042252e+01,3.349999925121665001e+01,3.952999911643564701e+01,3.904999912716448307e+01,3.606999919377267361e+01,3.756999916024506092e+01,3.885999913141131401e+01,3.609999919310212135e+01,3.277999926730990410e+01,3.957999911531805992e+01,3.958999911509454250e+01,3.839999914169311523e+01,3.769999915733933449e+01,3.894999912939965725e+01
3.954999911598861217e+01,3.815999914705753326e+01,3.557999920472502708e+01,3.407999923825263977e+01,3.750999916158616543e+01,3.285999926552176476e+01,3.775999915599822998e+01,3.786999915353953838e+01,3.339999925345182419e+01,3.836999914236366749e+01,3.921999912336468697e+01,3.918999912403523922e+01,3.958999911509454250e+01,3.738999916426837444e+01,2.736999938823282719e+01,3.736999916471540928e+01,3.859999913722276688e+01,3.852999913878738880e+01,3.778999915532767773e+01,3.667999918013811111e+01
3.330999925546348095e+01,3.889999913051724434e+01,3.901999912783503532e+01,3.800999915041029453e+01,3.172999929077923298e+01,3.874999913387000561e+01,3.579999919980764389e+01,2.817999937012791634e+01,3.939999911934137344e+01,3.890999913029372692e+01,3.426999923400580883e+01,3.609999919310212135e+01,3.843999914079904556e+01,3.940999911911785603e+01,3.049999931827187538e+01,3.859999913722276688e+01,3.413999923691153526e+01,3.908999912627041340e+01,3.930999912135303020e+01,3.756999916024506092e+01
3.702999917231500149e+01,3.621999919041991234e+01,3.660999918170273304e+01,3.767999915778636932e+01,3.764999915845692158e+01,3.415999923646450043e+01,3.838999914191663265e+01,3.586999919824302197e+01,3.574999920092523098e+01,3.408999923802912235e+01,3.800999915041029453e+01,3.132999929971992970e+01,3.672999917902052402e+01,3.918999912403523922e+01,3.935999912023544312e+01,3.335999925434589386e+01,3.910999912582337856e+01,3.207999928295612335e+01,3.679999917745590210e+01,3.951999911665916443e+01
3.825999914482235909e+01,3.436999923177063465e+01,3.955999911576509476e+01,3.288999926485121250e+01,3.825999914482235909e+01,3.680999917723238468e+01,3.570999920181930065e+01,3.535999920964241028e+01,3.894999912939965725e+01,3.912999912537634373e+01,3.501999921724200249e+01,3.889999913051724434e+01,3.384999924339354038e+01,3.620999919064342976e+01,3.365999924764037132e+01,3.704999917186796665e+01,3.860999913699924946e+01,3.493999921903014183e+01,3.912999912537634373e+01,3.956999911554157734e+01
3.536999920941889286e+01,2.715999939292669296e+01,3.735999916493892670e+01,3.643999918550252914e+01,3.958999911509454250e+01,3.769999915733933449e+01,3.687999917566776276e+01,3.851999913901090622e+01,2.782999937795102596e+01,2.771999938040971756e+01,3.726999916695058346e+01,3.574999920092523098e+01,2.544999943114817142e+01,3.155999929457902908e+01,3.936999912001192570e+01,3.597999919578433037e+01,2.361999947205185890e+01,3.549999920651316643e+01,3.246999927423894405e+01,2.490999944321811199e+01
3.865999913588166237e+01,3.729999916628003120e+01,3.708999917097389698e+01,3.321999925747513771e+01,3.793999915197491646e+01,3.918999912403523922e+01,3.825999914482235909e+01,3.782999915443360806e+01,3.537999920919537544e+01,3.756999916024506092e+01,3.945999911800026894e+01,3.818999914638698101e+01,3.899999912828207016e+01,3.835999914258718491e+01,3.838999914191663265e+01,3.584999919869005680e+01,3.716999916918575764e+01,3.918999912403523922e+01,3.853999913856387138e+01,3.665999918058514595e+01
3.797999915108084679e+01,3.490999921970069408e+01,3.879999913275241852e+01,3.886999913118779659e+01,3.501999921724200249e+01,3.908999912627041340e+01,3.791999915242195129e+01,3.073999931290745735e+01,3.574999920092523098e+01,3.958999911509454250e+01,3.689999917522072792e+01,3.953999911621212959e+01,3.710999917052686214e+01,3.878999913297593594e+01,3.874999913387000561e+01,3.851999913901090622e+01,3.901999912783503532e+01,3.701999917253851891e+01,3.769999915733933449e+01,3.694999917410314083e+01
3.661999918147921562e+01,3.751999916136264801e+01,3.886999913118779659e+01,2.976999933458864689e+01,3.737999916449189186e+01,3.592999919690191746e+01,3.827999914437532425e+01,3.335999925434589386e+01,3.917999912425875664e+01,3.637999918684363365e+01,3.431999923288822174e+01,3.499999921768903732e+01,3.620999919064342976e+01,3.744999916292726994e+01,3.811999914795160294e+01,3.174999929033219814e+01,3.789999915286898613e+01,3.849999913945794106e+01,3.829999914392828941e+01,3.750999916158616543e+01
3.761999915912747383e+01,3.158999929390847683e+01,3.508999921567738056e+01,3.201999928429722786e+01,3.137999929860234261e+01,3.635999918729066849e+01,3.507999921590089798e+01,3.696999917365610600e+01,3.220999928005039692e+01,3.893999912962317467e+01,3.405999923869967461e+01,3.920999912358820438e+01,2.933999934419989586e+01,3.683999917656183243e+01,3.836999914236366749e+01,3.592999919690191746e+01,2.494999944232404232e+01,3.826999914459884167e+01,3.820999914593994617e+01,3.540999920852482319e+01
3.336999925412237644e+01,3.629999918863177299e+01,3.609999919310212135e+01,3.852999913878738880e+01,3.699999917298555374e+01,3.743999916315078735e+01,3.859999913722276688e+01,3.520999921299517155e+01,3.579999919980764389e+01,3.645999918505549431e+01,3.908999912627041340e+01,3.897999912872910500e+01,3.851999913901090622e+01,3.942999911867082119e+01,3.771999915689229965e+01,2.858999936096370220e+01,3.211999928206205368e+01,3.946999911777675152e+01,3.923999912291765213e+01,2.692999939806759357e+01
2.896999935247004032e+01,3.948999911732971668e+01,3.272999926842749119e+01,3.311999925971031189e+01,3.952999911643564701e+01,3.518999921344220638e+01,3.914999912492930889e+01,3.825999914482235909e+01,3.846999914012849331e+01,3.326999925635755062e+01,2.849999936297535896e+01,3.918999912403523922e+01,3.755999916046857834e+01,3.879999913275241852e+01,3.205999928340315819e+01,3.901999912783503532e+01,3.942999911867082119e+01,3.144999929703772068e+01,3.859999913722276688e+01,3.603999919444322586e+01
2.979999933391809464e+01,3.753999916091561317e+01,3.833999914303421974e+01,3.614999919198453426e+01,3.327999925613403320e+01,3.959999911487102509e+01,3.737999916449189186e+01,3.872999913431704044e+01,3.674999917857348919e+01,3.929999912157654762e+01,3.955999911576509476e+01,3.778999915532767773e+01,3.725999916717410088e+01,3.844999914057552814e+01,3.937999911978840828e+01,3.727999916672706604e+01,3.885999913141131401e+01,3.802999914996325970e+01,3.809999914839863777e+01,3.917999912425875664e+01
3.518999921344220638e+01,3.500999921746551991e+01,3.708999917097389698e+01,3.171999929100275040e+01,0.000000000000000000e+00,2.376999946869909763e+01,3.957999911531805992e+01,3.530999921075999737e+01,3.914999912492930889e+01,2.810999937169253826e+01,3.469999922439455986e+01,3.916999912448227406e+01,3.967999911308288574e+01,3.883999913185834885e+01,3.952999911643564701e+01,3.434999923221766949e+01,3.819999914616346359e+01,2.668999940343201160e+01,2.526999943517148495e+01,3.948999911732971668e+01
3.489999921992421150e+01,3.655999918282032013e+01,3.564999920316040516e+01,3.083999931067228317e+01,3.864999913610517979e+01,3.947999911755323410e+01,3.626999918930232525e+01,3.105999930575489998e+01,3.466999922506511211e+01,3.573999920114874840e+01,3.203999928385019302e+01,3.910999912582337856e+01,3.122999930195510387e+01,3.597999919578433037e+01,3.907999912649393082e+01,3.836999914236366749e+01,3.935999912023544312e+01,3.798999915085732937e+01,3.590999919734895229e+01,3.614999919198453426e+01
3.398999924026429653e+01,3.945999911800026894e+01,3.866999913565814495e+01,3.354999925009906292e+01,3.625999918952584267e+01,2.309999948367476463e+01,3.575999920070171356e+01,3.946999911777675152e+01,3.952999911643564701e+01,3.242999927513301373e+01,3.206999928317964077e+01,3.161999929323792458e+01,3.896999912895262241e+01,3.934999912045896053e+01,3.442999923042953014e+01,3.818999914638698101e+01,3.416999923624098301e+01,3.656999918259680271e+01,3.855999913811683655e+01,3.666999918036162853e+01
3.768999915756285191e+01,3.915999912470579147e+01,3.677999917790293694e+01,3.902999912761151791e+01,3.873999913409352303e+01,3.051999931782484055e+01,3.469999922439455986e+01,3.070999931357800961e+01,3.932999912090599537e+01,3.503999921679496765e+01,3.955999911576509476e+01,3.618999919109046459e+01,2.870999935828149319e+01,3.720999916829168797e+01,3.754999916069209576e+01,3.129999930039048195e+01,3.955999911576509476e+01,3.952999911643564701e+01,3.806999914906919003e+01,3.911999912559986115e+01
3.786999915353953838e+01,3.735999916493892670e+01,3.893999912962317467e+01,3.382999924384057522e+01,3.841999914124608040e+01,3.923999912291765213e+01,3.623999918997287750e+01,3.823999914526939392e+01,3.421999923512339592e+01,3.627999918907880783e+01,3.528999921120703220e+01,3.642999918572604656e+01,3.860999913699924946e+01,3.540999920852482319e+01,3.551999920606613159e+01,3.564999920316040516e+01,3.772999915666878223e+01,3.815999914705753326e+01,3.805999914929270744e+01,3.545999920740723610e+01
3.879999913275241852e+01,3.848999913968145847e+01,3.367999924719333649e+01,3.803999914973974228e+01,3.953999911621212959e+01,3.911999912559986115e+01,3.824999914504587650e+01,3.684999917633831501e+01,3.593999919667840004e+01,3.897999912872910500e+01,3.872999913431704044e+01,3.917999912425875664e+01,3.864999913610517979e+01,3.843999914079904556e+01,3.572999920137226582e+01,3.879999913275241852e+01,3.912999912537634373e+01,3.835999914258718491e+01,3.564999920316040516e+01,3.922999912314116955e+01
3.923999912291765213e+01,3.562999920360743999e+01,3.745999916270375252e+01,3.062999931536614895e+01,3.487999922037124634e+01,3.826999914459884167e+01,3.290999926440417767e+01,3.840999914146959782e+01,3.660999918170273304e+01,3.622999919019639492e+01,3.783999915421009064e+01,3.899999912828207016e+01,3.679999917745590210e+01,3.916999912448227406e+01,3.469999922439455986e+01,3.936999912001192570e+01,3.845999914035201073e+01,3.774999915622174740e+01,3.593999919667840004e+01,3.840999914146959782e+01
3.852999913878738880e+01,3.596999919600784779e+01,3.588999919779598713e+01,3.102999930642545223e+01,3.639999918639659882e+01,3.832999914325773716e+01,3.585999919846653938e+01,3.797999915108084679e+01,3.756999916024506092e+01,3.756999916024506092e+01,3.929999912157654762e+01,3.686999917589128017e+01,3.735999916493892670e+01,3.609999919310212135e+01,3.813999914750456810e+01,3.552999920584261417e+01,3.128999930061399937e+01,3.828999914415180683e+01,3.525999921187758446e+01,3.372999924607574940e+01
3.903999912738800049e+01,3.660999918170273304e+01,3.711999917030334473e+01,3.493999921903014183e+01,3.786999915353953838e+01,3.901999912783503532e+01,3.888999913074076176e+01,3.778999915532767773e+01,3.799999915063381195e+01,3.532999921031296253e+01,3.640999918617308140e+01,3.883999913185834885e+01,3.479999922215938568e+01,3.653999918326735497e+01,3.236999927647411823e+01,3.852999913878738880e+01,3.864999913610517979e+01,3.575999920070171356e+01,3.678999917767941952e+01,3.833999914303421974e+01
3.211999928206205368e+01,3.619999919086694717e+01,2.994999933056533337e+01,3.686999917589128017e+01,3.807999914884567261e+01,3.562999920360743999e+01,3.865999913588166237e+01,3.657999918237328529e+01,3.168999929167330265e+01,3.704999917186796665e+01,3.582999919913709164e+01,3.912999912537634373e+01,2.895999935269355774e+01,3.882999913208186626e+01,3.712999917007982731e+01,3.010999932698905468e+01,2.503999944031238556e+01,3.053999931737780571e+01,2.409999946132302284e+01,3.961999911442399025e+01
3.852999913878738880e+01,2.913999934867024422e+01,3.720999916829168797e+01,3.923999912291765213e+01,3.343999925255775452e+01,3.128999930061399937e+01,3.265999926999211311e+01,3.901999912783503532e+01,3.953999911621212959e+01,3.459999922662973404e+01,2.945999934151768684e+01,3.719999916851520538e+01,3.084999931044876575e+01,3.733999916538596153e+01,3.934999912045896053e+01,3.753999916091561317e+01,3.383999924361705780e+01,3.145999929681420326e+01,3.361999924853444099e+01,3.681999917700886726e+01
3.442999923042953014e+01,3.781999915465712547e+01,3.863999913632869720e+01,3.718999916873872280e+01,3.691999917477369308e+01,3.816999914683401585e+01,3.526999921165406704e+01,3.644999918527901173e+01,3.530999921075999737e+01,3.755999916046857834e+01,3.728999916650354862e+01,3.643999918550252914e+01,3.617999919131398201e+01,3.807999914884567261e+01,3.636999918706715107e+01,3.881999913230538368e+01,3.866999913565814495e+01,3.765999915823340416e+01,3.804999914951622486e+01,3.744999916292726994e+01
3.333999925479292870e+01,2.916999934799969196e+01,3.138999929837882519e+01,3.950999911688268185e+01,3.900999912805855274e+01,3.764999915845692158e+01,3.802999914996325970e+01,3.570999920181930065e+01,3.947999911755323410e+01,3.910999912582337856e+01,3.847999913990497589e+01,2.587999942153692245e+01,3.875999913364648819e+01,3.929999912157654762e+01,3.834999914281070232e+01,3.334999925456941128e+01,2.740999938733875751e+01,2.731999938935041428e+01,3.242999927513301373e+01,2.876999935694038868e+01
3.759999915957450867e+01,3.045999931916594505e+01,3.877999913319945335e+01,3.788999915309250355e+01,2.795999937504529953e+01,3.699999917298555374e+01,3.734999916516244411e+01,3.504999921657145023e+01,3.329999925568699837e+01,2.867999935895204544e+01,3.748999916203320026e+01,3.459999922662973404e+01,3.763999915868043900e+01,3.807999914884567261e+01,3.206999928317964077e+01,2.948999934084713459e+01,3.751999916136264801e+01,3.942999911867082119e+01,3.142999929748475552e+01,3.724999916739761829e+01
3.803999914973974228e+01,3.694999917410314083e+01,3.360999924875795841e+01,3.039999932050704956e+01,3.931999912112951279e+01,3.843999914079904556e+01,3.355999924987554550e+01,3.151999929547309875e+01,3.409999923780560493e+01,3.949999911710619926e+01,3.228999927826225758e+01,3.908999912627041340e+01,3.917999912425875664e+01,3.594999919645488262e+01,3.317999925836920738e+01,3.845999914035201073e+01,3.202999928407371044e+01,3.276999926753342152e+01,3.079999931156635284e+01,3.863999913632869720e+01
3.888999913074076176e+01,3.636999918706715107e+01,3.839999914169311523e+01,3.851999913901090622e+01,3.545999920740723610e+01,3.472999922372400761e+01,3.680999917723238468e+01,3.596999919600784779e+01,3.657999918237328529e+01,3.600999919511377811e+01,3.877999913319945335e+01,3.457999922707676888e+01,3.792999915219843388e+01,3.931999912112951279e+01,3.841999914124608040e+01,3.815999914705753326e+01,3.613999919220805168e+01,3.737999916449189186e+01,3.260999927110970020e+01,3.792999915219843388e+01
3.740999916382133961e+01,3.745999916270375252e+01,3.918999912403523922e+01,3.881999913230538368e+01,3.608999919332563877e+01,3.526999921165406704e+01,3.724999916739761829e+01,3.573999920114874840e+01,3.787999915331602097e+01,3.941999911889433861e+01,3.918999912403523922e+01,3.693999917432665825e+01,3.899999912828207016e+01,3.726999916695058346e+01,3.682999917678534985e+01,3.797999915108084679e+01,3.663999918103218079e+01,3.882999913208186626e+01,3.935999912023544312e+01,3.827999914437532425e+01
3.901999912783503532e+01,3.438999923132359982e+01,3.711999917030334473e+01,3.897999912872910500e+01,3.612999919243156910e+01,3.650999918393790722e+01,3.788999915309250355e+01,3.946999911777675152e+01,3.536999920941889286e+01,3.788999915309250355e+01,3.645999918505549431e+01,3.768999915756285191e+01,3.557999920472502708e+01,3.747999916225671768e+01,3.813999914750456810e+01,3.885999913141131401e+01,3.432999923266470432e+01,3.875999913364648819e+01,3.741999916359782219e+01,3.924999912269413471e+01
3.614999919198453426e+01,3.689999917522072792e+01,3.633999918773770332e+01,3.427999923378229141e+01,3.849999913945794106e+01,3.250999927334487438e+01,3.545999920740723610e+01,3.540999920852482319e+01,3.510999921523034573e+01,3.890999913029372692e+01,3.633999918773770332e+01,3.925999912247061729e+01,3.824999914504587650e+01,3.496999921835958958e+01,3.732999916560947895e+01,3.775999915599822998e+01,3.403999923914670944e+01,3.663999918103218079e+01,3.772999915666878223e+01,3.661999918147921562e+01
3.776999915577471256e+01,3.319999925792217255e+01,3.625999918952584267e+01,3.015999932587146759e+01,2.654999940656125546e+01,3.564999920316040516e+01,3.154999929480254650e+01,3.047999931871891022e+01,3.219999928027391434e+01,3.679999917745590210e+01,3.633999918773770332e+01,3.957999911531805992e+01,3.808999914862215519e+01,3.354999925009906292e+01,3.172999929077923298e+01,2.821999936923384666e+01,3.486999922059476376e+01,3.015999932587146759e+01,3.185999928787350655e+01,3.354999925009906292e+01
